Workbook

Sheet Pet
A1: 魔宠id | B1: 魔宠名称 | C1: (nouse)备注 | D1: 品质 | E1: (nouse)策划备注 | F1: 模型id | G1: 魔宠列表头像 | H1: 获得背景 | I1: 获得立绘 | J1: 是否弹窗 | K1: 激活角色头像 | L1: 是否弹窗
A2: id.p | B2: name | C2: desc999 | D2: quality | E2: desc999 | F2: monsterId | G2: pic | H2: getBg | I2: getPic | J2: getShow | K2: headRole | L2: hide
A3: number | B3: string | C3: string | D3: number | E3: string | F3: number | G3: string | H3: string | I3: string | J3: number | K3: number | L3: number
A4: 6082 | B4: 雷电法王 | D4: 5 | E4: SR-闪电 | F4: 6082 | G4: ="pet/"&G$2&"/"&F4 -> pet/pic/6082 | H4: pet/getBg/sha | I4: pet/getPic/6082 | J4: =IF(D4=8,1,0) -> 0 | K4: 51200 | L4: 0
A5: 6022 | B5: 拳斗熊 | D5: 8 | E5: SSR-物理 | F5: 6022 | G5: ="pet/"&G$2&"/"&F5 -> pet/pic/6022 | H5: pet/getBg/huo | I5: pet/getPic/6022 | J5: =IF(D5=8,1,0) -> 1 | K5: 51201 | L5: 0
A6: 5030 | B6: 沙虫 | D6: 5 | E6: 无 | F6: 5030 | G6: ="pet/"&G$2&"/"&F6 -> pet/pic/5030 | J6: =IF(D6=8,1,0) -> 0 | K6: 51202 | L6: 1
A7: 5040 | B7: 炎龙 | D7: 4 | E7: R-火焰 | F7: 5040 | G7: ="pet/"&G$2&"/"&F7 -> pet/pic/5040 | J7: =IF(D7=8,1,0) -> 0 | K7: 51203 | L7: 0
A8: 5050 | B8: 半兽人 | D8: 4 | E8: R-攻击 | F8: 5050 | G8: ="pet/"&G$2&"/"&F8 -> pet/pic/5050 | J8: =IF(D8=8,1,0) -> 0 | K8: 51204 | L8: 0
A9: 5010 | B9: 树精 | D9: 4 | E9: R-近战 | F9: 5010 | G9: ="pet/"&G$2&"/"&F9 -> pet/pic/5010 | J9: =IF(D9=8,1,0) -> 0 | K9: 51205 | L9: 0
A10: 5020 | B10: 旅行鼠 | D10: 4 | E10: R-投射物 | F10: 5020 | G10: ="pet/"&G$2&"/"&F10 -> pet/pic/5020 | J10: =IF(D10=8,1,0) -> 0 | K10: 51206 | L10: 0
A11: 5060 | B11: 幽魂 | D11: 4 | E11: R-混沌 | F11: 5060 | G11: ="pet/"&G$2&"/"&F11 -> pet/pic/5060 | J11: =IF(D11=8,1,0) -> 0 | K11: 51207 | L11: 0
A12: 7022 | B12: 蕾朵 | D12: 8 | E12: SSR-法术 | F12: 7022 | G12: ="pet/"&G$2&"/"&F12 -> pet/pic/7022 | H12: pet/getBg/cao | I12: pet/getPic/7022 | J12: =IF(D12=8,1,0) -> 1 | K12: 51208 | L12: 0
A13: 6012 | B13: 冰虫骑士 | D13: 5 | E13: SR-物理 | F13: 6012 | G13: ="pet/"&G$2&"/"&F13 -> pet/pic/6012 | H13: pet/getBg/bing | I13: pet/getPic/6012 | J13: =IF(D13=8,1,0) -> 0 | K13: 51209 | L13: 0
A14: 6052 | B14: 猫浪人 | D14: 5 | E14: SR-攻击 | F14: 6052 | G14: ="pet/"&G$2&"/"&F14 -> pet/pic/6052 | H14: pet/getBg/shui | I14: pet/getPic/6052 | J14: =IF(D14=8,1,0) -> 0 | K14: 51210 | L14: 0
A15: 6042 | B15: 射击仙人 | D15: 5 | E15: SR-投射物 | F15: 6042 | G15: ="pet/"&G$2&"/"&F15 -> pet/pic/6042 | H15: pet/getBg/sha | I15: pet/getPic/6042 | J15: =IF(D15=8,1,0) -> 0 | K15: 51211 | L15: 0
A16: 6062 | B16: 咒术魔偶 | D16: 5 | E16: SR-混沌 | F16: 6062 | G16: ="pet/"&G$2&"/"&F16 -> pet/pic/6062 | H16: pet/getBg/an | I16: pet/getPic/6062 | J16: =IF(D16=8,1,0) -> 0 | K16: 51212 | L16: 0
A17: 6092 | B17: 剧团魔影 | D17: 5 | E17: SR-火焰 | F17: 6092 | G17: ="pet/"&G$2&"/"&F17 -> pet/pic/6092 | H17: pet/getBg/an | I17: pet/getPic/6092 | J17: =IF(D17=8,1,0) -> 0 | K17: 51213 | L17: 0
A18: 6032 | B18: 蜂行者 | D18: 5 | E18: SR-近战 | F18: 6032 | G18: ="pet/"&G$2&"/"&F18 -> pet/pic/6032 | H18: pet/getBg/lei | I18: pet/getPic/6032 | J18: =IF(D18=8,1,0) -> 0 | K18: 51214 | L18: 0
A19: 6112 | B19: 蔷薇法师 | D19: 5 | E19: SR-法术 | F19: 6112 | G19: ="pet/"&G$2&"/"&F19 -> pet/pic/6112 | H19: pet/getBg/cao | I19: pet/getPic/6112 | J19: =IF(D19=8,1,0) -> 0 | K19: 51215 | L19: 0
A20: 7032 | B20: 熔炉魔灵 | D20: 8 | E20: SSR-火焰 | F20: 7032 | G20: ="pet/"&G$2&"/"&F20 -> pet/pic/7032 | H20: pet/getBg/huo | I20: pet/getPic/7032 | J20: =IF(D20=8,1,0) -> 1 | K20: 51216 | L20: 0
A21: 7052 | B21: 雷暴元素 | D21: 8 | E21: SSR-闪电 | F21: 7052 | G21: ="pet/"&G$2&"/"&F21 -> pet/pic/7052 | H21: pet/getBg/sha | I21: pet/getPic/7052 | J21: =IF(D21=8,1,0) -> 1 | K21: 51217 | L21: 0
A22: 5070 | B22: 麒麟 | D22: 4 | E22: R-闪电 | F22: 5070 | G22: ="pet/"&G$2&"/"&F22 -> pet/pic/5070 | J22: =IF(D22=8,1,0) -> 0 | K22: 51218 | L22: 0
A23: 5080 | B23: 冰球 | D23: 4 | E23: R-冰冷 | F23: 5080 | G23: ="pet/"&G$2&"/"&F23 -> pet/pic/5080 | J23: =IF(D23=8,1,0) -> 0 | K23: 51219 | L23: 0
A24: 5090 | B24: 恶魔 | D24: 4 | E24: R-法术 | F24: 5090 | G24: ="pet/"&G$2&"/"&F24 -> pet/pic/5090 | J24: =IF(D24=8,1,0) -> 0 | K24: 51220 | L24: 0
A25: 5100 | B25: 章鱼 | D25: 4 | E25: R-物理 | F25: 5100 | G25: ="pet/"&G$2&"/"&F25 -> pet/pic/5100 | J25: =IF(D25=8,1,0) -> 0 | K25: 51221 | L25: 0
A26: 7012 | B26: 珠泪使者 | D26: 8 | E26: SSR-冰冷 | F26: 7012 | G26: ="pet/"&G$2&"/"&F26 -> pet/pic/7012 | H26: pet/getBg/shui | I26: pet/getPic/7012 | J26: =IF(D26=8,1,0) -> 1 | K26: 51222 | L26: 0
A27: 7062 | B27: 破冰战甲 | D27: 8 | E27: SSR-近战 | F27: 7062 | G27: ="pet/"&G$2&"/"&F27 -> pet/pic/7062 | H27: pet/getBg/bing | I27: pet/getPic/7062 | J27: =IF(D27=8,1,0) -> 1 | K27: 51223 | L27: 0
A28: 7042 | B28: 混沌魔猿 | D28: 8 | E28: SSR-混沌 | F28: 7042 | G28: ="pet/"&G$2&"/"&F28 -> pet/pic/7042 | H28: pet/getBg/an | I28: pet/getPic/7042 | J28: =IF(D28=8,1,0) -> 1 | K28: 51224 | L28: 0
A29: 7082 | B29: 烈焰机甲 | D29: 8 | E29: SSR-投射物 | F29: 7082 | G29: ="pet/"&G$2&"/"&F29 -> pet/pic/7082 | H29: pet/getBg/huo | I29: pet/getPic/7082 | J29: =IF(D29=8,1,0) -> 1 | K29: 51225 | L29: 0
A30: 7072 | B30: 利爪冰狼 | D30: 8 | E30: SSR-攻击 | F30: 7072 | G30: ="pet/"&G$2&"/"&F30 -> pet/pic/7072 | H30: pet/getBg/bing | I30: pet/getPic/7072 | J30: =IF(D30=8,1,0) -> 1 | K30: 51226 | L30: 0
A31: 6142 | B31: 暴鲤龙 | D31: 5 | E31: SR-冰冷 | F31: 6142 | G31: ="pet/"&G$2&"/"&F31 -> pet/pic/6142 | H31: pet/getBg/bing | I31: pet/getPic/6142 | J31: =IF(D31=8,1,0) -> 0 | K31: 51227 | L31: 0

Sheet PetStar
A1: 主键id | B1: (nouse)策划说明 | C1: 魔宠Id | D1: 星级 | E1: 升星消耗碎片 | F1: 描述（改程序读表） | G1: 词缀id | H1: 词缀值 | I1: 被动表id | J1: 提供属性-启用加属性 | K1: (nouse)策划备注 | L1: (nouse)属性1 | M1: (nouse)属性1值 | N1: (nouse)属性2 | O1: (nouse)属性2值 | P1: (nouse)属性3 | Q1: (nouse)属性3值 | R1: (nouse)词缀1 | S1: (nouse)词缀1值 | T1: (nouse)词缀2 | U1: (nouse)词缀2值 | V1: (nouse)词缀3 | W1: (nouse)词缀3值 | X1: (nouse)词缀4 | Y1: (nouse)词缀4值 | Z1: (nouse)特技1 | AA1: (nouse)特技2 | AB1: (nouse)属性1id | AC1: (nouse)属性2id | AD1: (nouse)属性3id | AE1: (nouse)辅助1 | AF1: (nouse)辅助2 | AG1: (nouse)辅助3 | AH1: (nouse)词缀1id | AI1: (nouse)词缀2id | AJ1: (nouse)词缀3id | AK1: (nouse)词缀4id | AL1: (nouse)辅助1 | AM1: (nouse)辅助2 | AN1: (nouse)辅助3 | AO1: (nouse)辅助4 | AP1: (nouse)特技1id | AQ1: (nouse)特技2id
A2: id.p | B2: desc999 | C2: pet | D2: star | E2: pieceCost | F2: desc | G2: skillAffix | H2: affixValue | I2: stunt | J2: attr | K2: desc99 | L2: desc98 | M2: desc96 | N2: desc95 | O2: desc93 | P2: desc92 | Q2: desc90 | R2: desc89 | S2: desc88 | T2: desc87 | U2: desc86 | V2: desc85 | W2: desc84 | X2: desc83 | Y2: desc82 | Z2: desc81 | AA2: desc80 | AB2: desc79 | AC2: desc78 | AD2: desc77 | AE2: desc76 | AF2: desc75 | AG2: desc74 | AH2: desc73 | AI2: desc72 | AJ2: desc71 | AK2: desc70 | AL2: desc69 | AM2: desc68 | AN2: desc67 | AO2: desc66 | AP2: desc65 | AQ2: desc64
A3: number | B3: string | C3: number | D3: number | E3: object | F3: string | G3: numberArr | H3: object | I3: numberArr | J3: object | K3: string | L3: string | M3: string | N3: string | O3: string | P3: string | Q3: string | R3: string | S3: string | T3: string | U3: string | V3: string | W3: string | X3: string | Y3: string | Z3: string | AA3: string | AB3: string | AC3: string | AD3: string | AE3: string | AF3: string | AG3: string | AH3: string | AI3: string | AJ3: string | AK3: string | AL3: string | AM3: string | AN3: string | AO3: string | AP3: string | AQ3: string
A4: =C4*10+D4 -> 60820 | B4: 雷电法老王-星级0 | C4: 6082 | D4: 0 | E4: ="[["&C4+10000&",1]]" -> [[16082,1]] | G4: =_xlfn.TEXTJOIN("|",TRUE,AH4:AJ4) | H4: =IF(R4="","",_xlfn.CONCAT("[",_xlfn.TEXTJOIN(",",TRUE,AL4:AO4),"]")) | I4: =_xlfn.TEXTJOIN("|",TRUE,AP4:AQ4) | J4: =IF(AB4="","",_xlfn.CONCAT("[",_xlfn.TEXTJOIN(",",TRUE,AE4:AG4),"]")) -> [[10306,0.1],[11010,0.1]] | K4: =_xlfn.XLOOKUP(C4,Pet!A:A,Pet!E:E) -> SR-闪电 | L4: 闪电伤害提高 | M4: 0.1 | N4: 感电效果比例 | O4: 0.1 | AB4: =IFERROR(IF(L4<>"",_xlfn.XLOOKUP(L4,[1]AttributeName!$C:$C,[1]AttributeName!$B:$B,""),""),"") -> 10306 | AC4: =IFERROR(IF(N4<>"",_xlfn.XLOOKUP(N4,[1]AttributeName!$C:$C,[1]AttributeName!$B:$B,""),""),"") -> 11010 | AD4: =IFERROR(IF(P4<>"",_xlfn.XLOOKUP(P4,[1]AttributeName!$C:$C,[1]AttributeName!$B:$B,""),""),"") | AE4: =IF(AB4="","",_xlfn.CONCAT("[",AB4,",",M4,"]")) -> [10306,0.1] | AF4: =IF(AC4="","",_xlfn.CONCAT("[",AC4,",",O4,"]")) -> [11010,0.1] | AG4: =IF(AD4="","",_xlfn.CONCAT("[",AD4,",",Q4,"]")) | AH4: =IFERROR(IF(R4<>"",_xlfn.XLOOKUP(R4,[1]ModifierDes!$B:$B,[1]ModifierDes!$A:$A,""),""),"") | AI4: =IFERROR(IF(T4<>"",_xlfn.XLOOKUP(T4,[1]ModifierDes!$B:$B,[1]ModifierDes!$A:$A,""),""),"") | AJ4: =IFERROR(IF(V4<>"",_xlfn.XLOOKUP(V4,[1]ModifierDes!$B:$B,[1]ModifierDes!$A:$A,""),""),"") | AK4: =IFERROR(IF(X4<>"",_xlfn.XLOOKUP(X4,[1]ModifierDes!$B:$B,[1]ModifierDes!$A:$A,""),""),"") | AL4: =IF(S4="","",_xlfn.CONCAT("[",S4,"]")) | AM4: =IF(U4="","",_xlfn.CONCAT("[",U4,"]")) | AN4: =IF(W4="","",_xlfn.CONCAT("[",W4,"]")) | AO4: =IF(Y4="","",_xlfn.CONCAT("[",Y4,"]")) | AP4: =IFERROR(IF(Z4<>"",_xlfn.XLOOKUP(Z4,[1]StuntDes!$B:$B,[1]StuntDes!$A:$A,""),""),"") | AQ4: =IFERROR(IF(AA4<>"",_xlfn.XLOOKUP(AA4,[1]StuntDes!$B:$B,[1]StuntDes!$A:$A,""),""),"")
A5: =C5*10+D5 -> 60821 | B5: 雷电法老王-星级1 | C5: 6082 | D5: 1 | E5: ="[["&C5+10000&",1]]" -> [[16082,1]] | G5: =_xlfn.TEXTJOIN("|",TRUE,AH5:AJ5) | H5: =IF(R5="","",_xlfn.CONCAT("[",_xlfn.TEXTJOIN(",",TRUE,AL5:AO5),"]")) | I5: =_xlfn.TEXTJOIN("|",TRUE,AP5:AQ5) | J5: =IF(AB5="","",_xlfn.CONCAT("[",_xlfn.TEXTJOIN(",",TRUE,AE5:AG5),"]")) -> [[10306,0.25],[11010,0.1]] | K5: =_xlfn.XLOOKUP(C5,Pet!A:A,Pet!E:E) -> SR-闪电 | L5: 闪电伤害提高 | M5: 0.25 | N5: 感电效果比例 | O5: 0.1 | AB5: =IFERROR(IF(L5<>"",_xlfn.XLOOKUP(L5,[1]AttributeName!$C:$C,[1]AttributeName!$B:$B,""),""),"") -> 10306 | AC5: =IFERROR(IF(N5<>"",_xlfn.XLOOKUP(N5,[1]AttributeName!$C:$C,[1]AttributeName!$B:$B,""),""),"") -> 11010 | AD5: =IFERROR(IF(P5<>"",_xlfn.XLOOKUP(P5,[1]AttributeName!$C:$C,[1]AttributeName!$B:$B,""),""),"") | AE5: =IF(AB5="","",_xlfn.CONCAT("[",AB5,",",M5,"]")) -> [10306,0.25] | AF5: =IF(AC5="","",_xlfn.CONCAT("[",AC5,",",O5,"]")) -> [11010,0.1] | AG5: =IF(AD5="","",_xlfn.CONCAT("[",AD5,",",Q5,"]")) | AH5: =IFERROR(IF(R5<>"",_xlfn.XLOOKUP(R5,[1]ModifierDes!$B:$B,[1]ModifierDes!$A:$A,""),""),"") | AI5: =IFERROR(IF(T5<>"",_xlfn.XLOOKUP(T5,[1]ModifierDes!$B:$B,[1]ModifierDes!$A:$A,""),""),"") | AJ5: =IFERROR(IF(V5<>"",_xlfn.XLOOKUP(V5,[1]ModifierDes!$B:$B,[1]ModifierDes!$A:$A,""),""),"") | AK5: =IFERROR(IF(X5<>"",_xlfn.XLOOKUP(X5,[1]ModifierDes!$B:$B,[1]ModifierDes!$A:$A,""),""),"") | AL5: =IF(S5="","",_xlfn.CONCAT("[",S5,"]")) | AM5: =IF(U5="","",_xlfn.CONCAT("[",U5,"]")) | AN5: =IF(W5="","",_xlfn.CONCAT("[",W5,"]")) | AO5: =IF(Y5="","",_xlfn.CONCAT("[",Y5,"]")) | AP5: =IFERROR(IF(Z5<>"",_xlfn.XLOOKUP(Z5,[1]StuntDes!$B:$B,[1]StuntDes!$A:$A,""),""),"") | AQ5: =IFERROR(IF(AA5<>"",_xlfn.XLOOKUP(AA5,[1]StuntDes!$B:$B,[1]StuntDes!$A:$A,""),""),"")
A6: =C6*10+D6 -> 60822 | B6: 雷电法老王-星级2 | C6: 6082 | D6: 2 | E6: ="[["&C6+10000&",1]]" -> [[16082,1]] | G6: =_xlfn.TEXTJOIN("|",TRUE,AH6:AJ6) | H6: =IF(R6="","",_xlfn.CONCAT("[",_xlfn.TEXTJOIN(",",TRUE,AL6:AO6),"]")) | I6: =_xlfn.TEXTJOIN("|",TRUE,AP6:AQ6) | J6: =IF(AB6="","",_xlfn.CONCAT("[",_xlfn.TEXTJOIN(",",TRUE,AE6:AG6),"]")) -> [[10306,0.25],[11010,0.3]] | K6: =_xlfn.XLOOKUP(C6,Pet!A:A,Pet!E:E) -> SR-闪电 | L6: 闪电伤害提高 | M6: 0.25 | N6: 感电效果比例 | O6: 0.3 | AB6: =IFERROR(IF(L6<>"",_xlfn.XLOOKUP(L6,[1]AttributeName!$C:$C,[1]AttributeName!$B:$B,""),""),"") -> 10306 | AC6: =IFERROR(IF(N6<>"",_xlfn.XLOOKUP(N6,[1]AttributeName!$C:$C,[1]AttributeName!$B:$B,""),""),"") -> 11010 | AD6: =IFERROR(IF(P6<>"",_xlfn.XLOOKUP(P6,[1]AttributeName!$C:$C,[1]AttributeName!$B:$B,""),""),"") | AE6: =IF(AB6="","",_xlfn.CONCAT("[",AB6,",",M6,"]")) -> [10306,0.25] | AF6: =IF(AC6="","",_xlfn.CONCAT("[",AC6,",",O6,"]")) -> [11010,0.3] | AG6: =IF(AD6="","",_xlfn.CONCAT("[",AD6,",",Q6,"]")) | AH6: =IFERROR(IF(R6<>"",_xlfn.XLOOKUP(R6,[1]ModifierDes!$B:$B,[1]ModifierDes!$A:$A,""),""),"") | AI6: =IFERROR(IF(T6<>"",_xlfn.XLOOKUP(T6,[1]ModifierDes!$B:$B,[1]ModifierDes!$A:$A,""),""),"") | AJ6: =IFERROR(IF(V6<>"",_xlfn.XLOOKUP(V6,[1]ModifierDes!$B:$B,[1]ModifierDes!$A:$A,""),""),"") | AK6: =IFERROR(IF(X6<>"",_xlfn.XLOOKUP(X6,[1]ModifierDes!$B:$B,[1]ModifierDes!$A:$A,""),""),"") | AL6: =IF(S6="","",_xlfn.CONCAT("[",S6,"]")) | AM6: =IF(U6="","",_xlfn.CONCAT("[",U6,"]")) | AN6: =IF(W6="","",_xlfn.CONCAT("[",W6,"]")) | AO6: =IF(Y6="","",_xlfn.CONCAT("[",Y6,"]")) | AP6: =IFERROR(IF(Z6<>"",_xlfn.XLOOKUP(Z6,[1]StuntDes!$B:$B,[1]StuntDes!$A:$A,""),""),"") | AQ6: =IFERROR(IF(AA6<>"",_xlfn.XLOOKUP(AA6,[1]StuntDes!$B:$B,[1]StuntDes!$A:$A,""),""),"")
A7: =C7*10+D7 -> 60823 | B7: 雷电法老王-星级3 | C7: 6082 | D7: 3 | E7: ="[["&C7+10000&",1]]" -> [[16082,1]] | G7: =_xlfn.TEXTJOIN("|",TRUE,AH7:AJ7) | H7: =IF(R7="","",_xlfn.CONCAT("[",_xlfn.TEXTJOIN(",",TRUE,AL7:AO7),"]")) | I7: =_xlfn.TEXTJOIN("|",TRUE,AP7:AQ7) | J7: =IF(AB7="","",_xlfn.CONCAT("[",_xlfn.TEXTJOIN(",",TRUE,AE7:AG7),"]")) -> [[10306,0.25],[11010,0.3],[10300,0.12]] | K7: =_xlfn.XLOOKUP(C7,Pet!A:A,Pet!E:E) -> SR-闪电 | L7: 闪电伤害提高 | M7: 0.25 | N7: 感电效果比例 | O7: 0.3 | P7: 全局伤害提高 | Q7: 0.12 | AB7: =IFERROR(IF(L7<>"",_xlfn.XLOOKUP(L7,[1]AttributeName!$C:$C,[1]AttributeName!$B:$B,""),""),"") -> 10306 | AC7: =IFERROR(IF(N7<>"",_xlfn.XLOOKUP(N7,[1]AttributeName!$C:$C,[1]AttributeName!$B:$B,""),""),"") -> 11010 | AD7: =IFERROR(IF(P7<>"",_xlfn.XLOOKUP(P7,[1]AttributeName!$C:$C,[1]AttributeName!$B:$B,""),""),"") -> 10300 | AE7: =IF(AB7="","",_xlfn.CONCAT("[",AB7,",",M7,"]")) -> [10306,0.25] | AF7: =IF(AC7="","",_xlfn.CONCAT("[",AC7,",",O7,"]")) -> [11010,0.3] | AG7: =IF(AD7="","",_xlfn.CONCAT("[",AD7,",",Q7,"]")) -> [10300,0.12] | AH7: =IFERROR(IF(R7<>"",_xlfn.XLOOKUP(R7,[1]ModifierDes!$B:$B,[1]ModifierDes!$A:$A,""),""),"") | AI7: =IFERROR(IF(T7<>"",_xlfn.XLOOKUP(T7,[1]ModifierDes!$B:$B,[1]ModifierDes!$A:$A,""),""),"") | AJ7: =IFERROR(IF(V7<>"",_xlfn.XLOOKUP(V7,[1]ModifierDes!$B:$B,[1]ModifierDes!$A:$A,""),""),"") | AK7: =IFERROR(IF(X7<>"",_xlfn.XLOOKUP(X7,[1]ModifierDes!$B:$B,[1]ModifierDes!$A:$A,""),""),"") | AL7: =IF(S7="","",_xlfn.CONCAT("[",S7,"]")) | AM7: =IF(U7="","",_xlfn.CONCAT("[",U7,"]")) | AN7: =IF(W7="","",_xlfn.CONCAT("[",W7,"]")) | AO7: =IF(Y7="","",_xlfn.CONCAT("[",Y7,"]")) | AP7: =IFERROR(IF(Z7<>"",_xlfn.XLOOKUP(Z7,[1]StuntDes!$B:$B,[1]StuntDes!$A:$A,""),""),"") | AQ7: =IFERROR(IF(AA7<>"",_xlfn.XLOOKUP(AA7,[1]StuntDes!$B:$B,[1]StuntDes!$A:$A,""),""),"")
A8: =C8*10+D8 -> 60824 | B8: 雷电法老王-星级4 | C8: 6082 | D8: 4 | E8: ="[["&C8+10000&",1]]" -> [[16082,1]] | G8: =_xlfn.TEXTJOIN("|",TRUE,AH8:AJ8) | H8: =IF(R8="","",_xlfn.CONCAT("[",_xlfn.TEXTJOIN(",",TRUE,AL8:AO8),"]")) | I8: =_xlfn.TEXTJOIN("|",TRUE,AP8:AQ8) | J8: =IF(AB8="","",_xlfn.CONCAT("[",_xlfn.TEXTJOIN(",",TRUE,AE8:AG8),"]")) -> [[10306,0.39],[11010,0.3],[10300,0.12]] | K8: =_xlfn.XLOOKUP(C8,Pet!A:A,Pet!E:E) -> SR-闪电 | L8: 闪电伤害提高 | M8: 0.39 | N8: 感电效果比例 | O8: 0.3 | P8: 全局伤害提高 | Q8: 0.12 | AB8: =IFERROR(IF(L8<>"",_xlfn.XLOOKUP(L8,[1]AttributeName!$C:$C,[1]AttributeName!$B:$B,""),""),"") -> 10306 | AC8: =IFERROR(IF(N8<>"",_xlfn.XLOOKUP(N8,[1]AttributeName!$C:$C,[1]AttributeName!$B:$B,""),""),"") -> 11010 | AD8: =IFERROR(IF(P8<>"",_xlfn.XLOOKUP(P8,[1]AttributeName!$C:$C,[1]AttributeName!$B:$B,""),""),"") -> 10300 | AE8: =IF(AB8="","",_xlfn.CONCAT("[",AB8,",",M8,"]")) -> [10306,0.39] | AF8: =IF(AC8="","",_xlfn.CONCAT("[",AC8,",",O8,"]")) -> [11010,0.3] | AG8: =IF(AD8="","",_xlfn.CONCAT("[",AD8,",",Q8,"]")) -> [10300,0.12] | AH8: =IFERROR(IF(R8<>"",_xlfn.XLOOKUP(R8,[1]ModifierDes!$B:$B,[1]ModifierDes!$A:$A,""),""),"") | AI8: =IFERROR(IF(T8<>"",_xlfn.XLOOKUP(T8,[1]ModifierDes!$B:$B,[1]ModifierDes!$A:$A,""),""),"") | AJ8: =IFERROR(IF(V8<>"",_xlfn.XLOOKUP(V8,[1]ModifierDes!$B:$B,[1]ModifierDes!$A:$A,""),""),"") | AK8: =IFERROR(IF(X8<>"",_xlfn.XLOOKUP(X8,[1]ModifierDes!$B:$B,[1]ModifierDes!$A:$A,""),""),"") | AL8: =IF(S8="","",_xlfn.CONCAT("[",S8,"]")) | AM8: =IF(U8="","",_xlfn.CONCAT("[",U8,"]")) | AN8: =IF(W8="","",_xlfn.CONCAT("[",W8,"]")) | AO8: =IF(Y8="","",_xlfn.CONCAT("[",Y8,"]")) | AP8: =IFERROR(IF(Z8<>"",_xlfn.XLOOKUP(Z8,[1]StuntDes!$B:$B,[1]StuntDes!$A:$A,""),""),"") | AQ8: =IFERROR(IF(AA8<>"",_xlfn.XLOOKUP(AA8,[1]StuntDes!$B:$B,[1]StuntDes!$A:$A,""),""),"")
A9: =C9*10+D9 -> 60825 | B9: 雷电法老王-星级5 | C9: 6082 | D9: 5 | G9: =_xlfn.TEXTJOIN("|",TRUE,AH9:AJ9) | H9: =IF(R9="","",_xlfn.CONCAT("[",_xlfn.TEXTJOIN(",",TRUE,AL9:AO9),"]")) | I9: =_xlfn.TEXTJOIN("|",TRUE,AP9:AQ9) | J9: =IF(AB9="","",_xlfn.CONCAT("[",_xlfn.TEXTJOIN(",",TRUE,AE9:AG9),"]")) -> [[10306,0.39],[11010,0.62],[10300,0.12]] | K9: =_xlfn.XLOOKUP(C9,Pet!A:A,Pet!E:E) -> SR-闪电 | L9: 闪电伤害提高 | M9: 0.39 | N9: 感电效果比例 | O9: 0.62 | P9: 全局伤害提高 | Q9: 0.12 | AB9: =IFERROR(IF(L9<>"",_xlfn.XLOOKUP(L9,[1]AttributeName!$C:$C,[1]AttributeName!$B:$B,""),""),"") -> 10306 | AC9: =IFERROR(IF(N9<>"",_xlfn.XLOOKUP(N9,[1]AttributeName!$C:$C,[1]AttributeName!$B:$B,""),""),"") -> 11010 | AD9: =IFERROR(IF(P9<>"",_xlfn.XLOOKUP(P9,[1]AttributeName!$C:$C,[1]AttributeName!$B:$B,""),""),"") -> 10300 | AE9: =IF(AB9="","",_xlfn.CONCAT("[",AB9,",",M9,"]")) -> [10306,0.39] | AF9: =IF(AC9="","",_xlfn.CONCAT("[",AC9,",",O9,"]")) -> [11010,0.62] | AG9: =IF(AD9="","",_xlfn.CONCAT("[",AD9,",",Q9,"]")) -> [10300,0.12] | AH9: =IFERROR(IF(R9<>"",_xlfn.XLOOKUP(R9,[1]ModifierDes!$B:$B,[1]ModifierDes!$A:$A,""),""),"") | AI9: =IFERROR(IF(T9<>"",_xlfn.XLOOKUP(T9,[1]ModifierDes!$B:$B,[1]ModifierDes!$A:$A,""),""),"") | AJ9: =IFERROR(IF(V9<>"",_xlfn.XLOOKUP(V9,[1]ModifierDes!$B:$B,[1]ModifierDes!$A:$A,""),""),"") | AK9: =IFERROR(IF(X9<>"",_xlfn.XLOOKUP(X9,[1]ModifierDes!$B:$B,[1]ModifierDes!$A:$A,""),""),"") | AL9: =IF(S9="","",_xlfn.CONCAT("[",S9,"]")) | AM9: =IF(U9="","",_xlfn.CONCAT("[",U9,"]")) | AN9: =IF(W9="","",_xlfn.CONCAT("[",W9,"]")) | AO9: =IF(Y9="","",_xlfn.CONCAT("[",Y9,"]")) | AP9: =IFERROR(IF(Z9<>"",_xlfn.XLOOKUP(Z9,[1]StuntDes!$B:$B,[1]StuntDes!$A:$A,""),""),"") | AQ9: =IFERROR(IF(AA9<>"",_xlfn.XLOOKUP(AA9,[1]StuntDes!$B:$B,[1]StuntDes!$A:$A,""),""),"")
A10: =C10*10+D10 -> 60220 | B10: 拳斗熊-星级0 | C10: 6022 | D10: 0 | E10: ="[["&C10+10000&",1]]" -> [[16022,1]] | G10: =_xlfn.TEXTJOIN("|",TRUE,AH10:AJ10) -> 10124 | H10: =IF(R10="","",_xlfn.CONCAT("[",_xlfn.TEXTJOIN(",",TRUE,AL10:AO10),"]")) -> [[0.1]] | I10: =_xlfn.TEXTJOIN("|",TRUE,AP10:AQ10) | J10: =IF(AB10="","",_xlfn.CONCAT("[",_xlfn.TEXTJOIN(",",TRUE,AE10:AG10),"]")) -> [[10303,0.05]] | K10: =_xlfn.XLOOKUP(C10,Pet!A:A,Pet!E:E) -> SSR-物理 | L10: 物理伤害提高 | M10: 0.05 | R10: 物理伤害额外提高 | S10: 0.1 | AB10: =IFERROR(IF(L10<>"",_xlfn.XLOOKUP(L10,[1]AttributeName!$C:$C,[1]AttributeName!$B:$B,""),""),"") -> 10303 | AC10: =IFERROR(IF(N10<>"",_xlfn.XLOOKUP(N10,[1]AttributeName!$C:$C,[1]AttributeName!$B:$B,""),""),"") | AD10: =IFERROR(IF(P10<>"",_xlfn.XLOOKUP(P10,[1]AttributeName!$C:$C,[1]AttributeName!$B:$B,""),""),"") | AE10: =IF(AB10="","",_xlfn.CONCAT("[",AB10,",",M10,"]")) -> [10303,0.05] | AF10: =IF(AC10="","",_xlfn.CONCAT("[",AC10,",",O10,"]")) | AG10: =IF(AD10="","",_xlfn.CONCAT("[",AD10,",",Q10,"]")) | AH10: =IFERROR(IF(R10<>"",_xlfn.XLOOKUP(R10,[1]ModifierDes!$B:$B,[1]ModifierDes!$A:$A,""),""),"") -> 10124 | AI10: =IFERROR(IF(T10<>"",_xlfn.XLOOKUP(T10,[1]ModifierDes!$B:$B,[1]ModifierDes!$A:$A,""),""),"") | AJ10: =IFERROR(IF(V10<>"",_xlfn.XLOOKUP(V10,[1]ModifierDes!$B:$B,[1]ModifierDes!$A:$A,""),""),"") | AK10: =IFERROR(IF(X10<>"",_xlfn.XLOOKUP(X10,[1]ModifierDes!$B:$B,[1]ModifierDes!$A:$A,""),""),"") | AL10: =IF(S10="","",_xlfn.CONCAT("[",S10,"]")) -> [0.1] | AM10: =IF(U10="","",_xlfn.CONCAT("[",U10,"]")) | AN10: =IF(W10="","",_xlfn.CONCAT("[",W10,"]")) | AO10: =IF(Y10="","",_xlfn.CONCAT("[",Y10,"]")) | AP10: =IFERROR(IF(Z10<>"",_xlfn.XLOOKUP(Z10,[1]StuntDes!$B:$B,[1]StuntDes!$A:$A,""),""),"") | AQ10: =IFERROR(IF(AA10<>"",_xlfn.XLOOKUP(AA10,[1]StuntDes!$B:$B,[1]StuntDes!$A:$A,""),""),"")
A11: =C11*10+D11 -> 60221 | B11: 拳斗熊-星级1 | C11: 6022 | D11: 1 | E11: ="[["&C11+10000&",1]]" -> [[16022,1]] | G11: =_xlfn.TEXTJOIN("|",TRUE,AH11:AJ11) -> 10124 | H11: =IF(R11="","",_xlfn.CONCAT("[",_xlfn.TEXTJOIN(",",TRUE,AL11:AO11),"]")) -> [[0.15]] | I11: =_xlfn.TEXTJOIN("|",TRUE,AP11:AQ11) | J11: =IF(AB11="","",_xlfn.CONCAT("[",_xlfn.TEXTJOIN(",",TRUE,AE11:AG11),"]")) -> [[10303,0.05],[11055,0.1]] | K11: =_xlfn.XLOOKUP(C11,Pet!A:A,Pet!E:E) -> SSR-物理 | L11: 物理伤害提高 | M11: 0.05 | N11: 流血效果比例 | O11: 0.1 | R11: 物理伤害额外提高 | S11: 0.15 | AB11: =IFERROR(IF(L11<>"",_xlfn.XLOOKUP(L11,[1]AttributeName!$C:$C,[1]AttributeName!$B:$B,""),""),"") -> 10303 | AC11: =IFERROR(IF(N11<>"",_xlfn.XLOOKUP(N11,[1]AttributeName!$C:$C,[1]AttributeName!$B:$B,""),""),"") -> 11055 | AD11: =IFERROR(IF(P11<>"",_xlfn.XLOOKUP(P11,[1]AttributeName!$C:$C,[1]AttributeName!$B:$B,""),""),"") | AE11: =IF(AB11="","",_xlfn.CONCAT("[",AB11,",",M11,"]")) -> [10303,0.05] | AF11: =IF(AC11="","",_xlfn.CONCAT("[",AC11,",",O11,"]")) -> [11055,0.1] | AG11: =IF(AD11="","",_xlfn.CONCAT("[",AD11,",",Q11,"]")) | AH11: =IFERROR(IF(R11<>"",_xlfn.XLOOKUP(R11,[1]ModifierDes!$B:$B,[1]ModifierDes!$A:$A,""),""),"") -> 10124 | AI11: =IFERROR(IF(T11<>"",_xlfn.XLOOKUP(T11,[1]ModifierDes!$B:$B,[1]ModifierDes!$A:$A,""),""),"") | AJ11: =IFERROR(IF(V11<>"",_xlfn.XLOOKUP(V11,[1]ModifierDes!$B:$B,[1]ModifierDes!$A:$A,""),""),"") | AK11: =IFERROR(IF(X11<>"",_xlfn.XLOOKUP(X11,[1]ModifierDes!$B:$B,[1]ModifierDes!$A:$A,""),""),"") | AL11: =IF(S11="","",_xlfn.CONCAT("[",S11,"]")) -> [0.15] | AM11: =IF(U11="","",_xlfn.CONCAT("[",U11,"]")) | AN11: =IF(W11="","",_xlfn.CONCAT("[",W11,"]")) | AO11: =IF(Y11="","",_xlfn.CONCAT("[",Y11,"]")) | AP11: =IFERROR(IF(Z11<>"",_xlfn.XLOOKUP(Z11,[1]StuntDes!$B:$B,[1]StuntDes!$A:$A,""),""),"") | AQ11: =IFERROR(IF(AA11<>"",_xlfn.XLOOKUP(AA11,[1]StuntDes!$B:$B,[1]StuntDes!$A:$A,""),""),"")
A12: =C12*10+D12 -> 60222 | B12: 拳斗熊-星级2 | C12: 6022 | D12: 2 | E12: ="[["&C12+10000&",1]]" -> [[16022,1]] | G12: =_xlfn.TEXTJOIN("|",TRUE,AH12:AJ12) -> 10124 | H12: =IF(R12="","",_xlfn.CONCAT("[",_xlfn.TEXTJOIN(",",TRUE,AL12:AO12),"]")) -> [[0.2]] | I12: =_xlfn.TEXTJOIN("|",TRUE,AP12:AQ12) | J12: =IF(AB12="","",_xlfn.CONCAT("[",_xlfn.TEXTJOIN(",",TRUE,AE12:AG12),"]")) -> [[10303,0.1],[11055,0.1]] | K12: =_xlfn.XLOOKUP(C12,Pet!A:A,Pet!E:E) -> SSR-物理 | L12: 物理伤害提高 | M12: 0.1 | N12: 流血效果比例 | O12: 0.1 | R12: 物理伤害额外提高 | S12: 0.2 | AB12: =IFERROR(IF(L12<>"",_xlfn.XLOOKUP(L12,[1]AttributeName!$C:$C,[1]AttributeName!$B:$B,""),""),"") -> 10303 | AC12: =IFERROR(IF(N12<>"",_xlfn.XLOOKUP(N12,[1]AttributeName!$C:$C,[1]AttributeName!$B:$B,""),""),"") -> 11055 | AD12: =IFERROR(IF(P12<>"",_xlfn.XLOOKUP(P12,[1]AttributeName!$C:$C,[1]AttributeName!$B:$B,""),""),"") | AE12: =IF(AB12="","",_xlfn.CONCAT("[",AB12,",",M12,"]")) -> [10303,0.1] | AF12: =IF(AC12="","",_xlfn.CONCAT("[",AC12,",",O12,"]")) -> [11055,0.1] | AG12: =IF(AD12="","",_xlfn.CONCAT("[",AD12,",",Q12,"]")) | AH12: =IFERROR(IF(R12<>"",_xlfn.XLOOKUP(R12,[1]ModifierDes!$B:$B,[1]ModifierDes!$A:$A,""),""),"") -> 10124 | AI12: =IFERROR(IF(T12<>"",_xlfn.XLOOKUP(T12,[1]ModifierDes!$B:$B,[1]ModifierDes!$A:$A,""),""),"") | AJ12: =IFERROR(IF(V12<>"",_xlfn.XLOOKUP(V12,[1]ModifierDes!$B:$B,[1]ModifierDes!$A:$A,""),""),"") | AK12: =IFERROR(IF(X12<>"",_xlfn.XLOOKUP(X12,[1]ModifierDes!$B:$B,[1]ModifierDes!$A:$A,""),""),"") | AL12: =IF(S12="","",_xlfn.CONCAT("[",S12,"]")) -> [0.2] | AM12: =IF(U12="","",_xlfn.CONCAT("[",U12,"]")) | AN12: =IF(W12="","",_xlfn.CONCAT("[",W12,"]")) | AO12: =IF(Y12="","",_xlfn.CONCAT("[",Y12,"]")) | AP12: =IFERROR(IF(Z12<>"",_xlfn.XLOOKUP(Z12,[1]StuntDes!$B:$B,[1]StuntDes!$A:$A,""),""),"") | AQ12: =IFERROR(IF(AA12<>"",_xlfn.XLOOKUP(AA12,[1]StuntDes!$B:$B,[1]StuntDes!$A:$A,""),""),"")
A13: =C13*10+D13 -> 60223 | B13: 拳斗熊-星级3 | C13: 6022 | D13: 3 | E13: ="[["&C13+10000&",1]]" -> [[16022,1]] | G13: =_xlfn.TEXTJOIN("|",TRUE,AH13:AJ13) -> 10124|10178 | H13: =IF(R13="","",_xlfn.CONCAT("[",_xlfn.TEXTJOIN(",",TRUE,AL13:AO13),"]")) -> [[0.2],[0.07]] | I13: =_xlfn.TEXTJOIN("|",TRUE,AP13:AQ13) | J13: =IF(AB13="","",_xlfn.CONCAT("[",_xlfn.TEXTJOIN(",",TRUE,AE13:AG13),"]")) -> [[10303,0.1],[11055,0.2]] | K13: =_xlfn.XLOOKUP(C13,Pet!A:A,Pet!E:E) -> SSR-物理 | L13: 物理伤害提高 | M13: 0.1 | N13: 流血效果比例 | O13: 0.2 | R13: 物理伤害额外提高 | S13: 0.2 | T13: 物理伤害双倍伤害几率增加 | U13: 0.07 | AB13: =IFERROR(IF(L13<>"",_xlfn.XLOOKUP(L13,[1]AttributeName!$C:$C,[1]AttributeName!$B:$B,""),""),"") -> 10303 | AC13: =IFERROR(IF(N13<>"",_xlfn.XLOOKUP(N13,[1]AttributeName!$C:$C,[1]AttributeName!$B:$B,""),""),"") -> 11055 | AD13: =IFERROR(IF(P13<>"",_xlfn.XLOOKUP(P13,[1]AttributeName!$C:$C,[1]AttributeName!$B:$B,""),""),"") | AE13: =IF(AB13="","",_xlfn.CONCAT("[",AB13,",",M13,"]")) -> [10303,0.1] | AF13: =IF(AC13="","",_xlfn.CONCAT("[",AC13,",",O13,"]")) -> [11055,0.2] | AG13: =IF(AD13="","",_xlfn.CONCAT("[",AD13,",",Q13,"]")) | AH13: =IFERROR(IF(R13<>"",_xlfn.XLOOKUP(R13,[1]ModifierDes!$B:$B,[1]ModifierDes!$A:$A,""),""),"") -> 10124 | AI13: =IFERROR(IF(T13<>"",_xlfn.XLOOKUP(T13,[1]ModifierDes!$B:$B,[1]ModifierDes!$A:$A,""),""),"") -> 10178 | AJ13: =IFERROR(IF(V13<>"",_xlfn.XLOOKUP(V13,[1]ModifierDes!$B:$B,[1]ModifierDes!$A:$A,""),""),"") | AK13: =IFERROR(IF(X13<>"",_xlfn.XLOOKUP(X13,[1]ModifierDes!$B:$B,[1]ModifierDes!$A:$A,""),""),"") | AL13: =IF(S13="","",_xlfn.CONCAT("[",S13,"]")) -> [0.2] | AM13: =IF(U13="","",_xlfn.CONCAT("[",U13,"]")) -> [0.07] | AN13: =IF(W13="","",_xlfn.CONCAT("[",W13,"]")) | AO13: =IF(Y13="","",_xlfn.CONCAT("[",Y13,"]")) | AP13: =IFERROR(IF(Z13<>"",_xlfn.XLOOKUP(Z13,[1]StuntDes!$B:$B,[1]StuntDes!$A:$A,""),""),"") | AQ13: =IFERROR(IF(AA13<>"",_xlfn.XLOOKUP(AA13,[1]StuntDes!$B:$B,[1]StuntDes!$A:$A,""),""),"")
A14: =C14*10+D14 -> 60224 | B14: 拳斗熊-星级4 | C14: 6022 | D14: 4 | E14: ="[["&C14+10000&",1]]" -> [[16022,1]] | G14: =_xlfn.TEXTJOIN("|",TRUE,AH14:AJ14) -> 10124 | H14: =IF(R14="","",_xlfn.CONCAT("[",_xlfn.TEXTJOIN(",",TRUE,AL14:AO14),"]")) -> [[0.28]] | I14: =_xlfn.TEXTJOIN("|",TRUE,AP14:AQ14) | J14: =IF(AB14="","",_xlfn.CONCAT("[",_xlfn.TEXTJOIN(",",TRUE,AE14:AG14),"]")) -> [[10303,0.15],[11055,0.2]] | K14: =_xlfn.XLOOKUP(C14,Pet!A:A,Pet!E:E) -> SSR-物理 | L14: 物理伤害提高 | M14: 0.15 | N14: 流血效果比例 | O14: 0.2 | R14: 物理伤害额外提高 | S14: 0.28 | AB14: =IFERROR(IF(L14<>"",_xlfn.XLOOKUP(L14,[1]AttributeName!$C:$C,[1]AttributeName!$B:$B,""),""),"") -> 10303 | AC14: =IFERROR(IF(N14<>"",_xlfn.XLOOKUP(N14,[1]AttributeName!$C:$C,[1]AttributeName!$B:$B,""),""),"") -> 11055 | AD14: =IFERROR(IF(P14<>"",_xlfn.XLOOKUP(P14,[1]AttributeName!$C:$C,[1]AttributeName!$B:$B,""),""),"") | AE14: =IF(AB14="","",_xlfn.CONCAT("[",AB14,",",M14,"]")) -> [10303,0.15] | AF14: =IF(AC14="","",_xlfn.CONCAT("[",AC14,",",O14,"]")) -> [11055,0.2] | AG14: =IF(AD14="","",_xlfn.CONCAT("[",AD14,",",Q14,"]")) | AH14: =IFERROR(IF(R14<>"",_xlfn.XLOOKUP(R14,[1]ModifierDes!$B:$B,[1]ModifierDes!$A:$A,""),""),"") -> 10124 | AI14: =IFERROR(IF(T14<>"",_xlfn.XLOOKUP(T14,[1]ModifierDes!$B:$B,[1]ModifierDes!$A:$A,""),""),"") | AJ14: =IFERROR(IF(V14<>"",_xlfn.XLOOKUP(V14,[1]ModifierDes!$B:$B,[1]ModifierDes!$A:$A,""),""),"") | AK14: =IFERROR(IF(X14<>"",_xlfn.XLOOKUP(X14,[1]ModifierDes!$B:$B,[1]ModifierDes!$A:$A,""),""),"") | AL14: =IF(S14="","",_xlfn.CONCAT("[",S14,"]")) -> [0.28] | AM14: =IF(U14="","",_xlfn.CONCAT("[",U14,"]")) | AN14: =IF(W14="","",_xlfn.CONCAT("[",W14,"]")) | AO14: =IF(Y14="","",_xlfn.CONCAT("[",Y14,"]")) | AP14: =IFERROR(IF(Z14<>"",_xlfn.XLOOKUP(Z14,[1]StuntDes!$B:$B,[1]StuntDes!$A:$A,""),""),"") | AQ14: =IFERROR(IF(AA14<>"",_xlfn.XLOOKUP(AA14,[1]StuntDes!$B:$B,[1]StuntDes!$A:$A,""),""),"")
A15: =C15*10+D15 -> 60225 | B15: 拳斗熊-星级5 | C15: 6022 | D15: 5 | G15: =_xlfn.TEXTJOIN("|",TRUE,AH15:AJ15) -> 10124|10178 | H15: =IF(R15="","",_xlfn.CONCAT("[",_xlfn.TEXTJOIN(",",TRUE,AL15:AO15),"]")) -> [[0.28],[0.2]] | I15: =_xlfn.TEXTJOIN("|",TRUE,AP15:AQ15) | J15: =IF(AB15="","",_xlfn.CONCAT("[",_xlfn.TEXTJOIN(",",TRUE,AE15:AG15),"]")) -> [[10303,0.15],[11055,0.3]] | K15: =_xlfn.XLOOKUP(C15,Pet!A:A,Pet!E:E) -> SSR-物理 | L15: 物理伤害提高 | M15: 0.15 | N15: 流血效果比例 | O15: 0.3 | R15: 物理伤害额外提高 | S15: 0.28 | T15: 物理伤害双倍伤害几率增加 | U15: 0.2 | AB15: =IFERROR(IF(L15<>"",_xlfn.XLOOKUP(L15,[1]AttributeName!$C:$C,[1]AttributeName!$B:$B,""),""),"") -> 10303 | AC15: =IFERROR(IF(N15<>"",_xlfn.XLOOKUP(N15,[1]AttributeName!$C:$C,[1]AttributeName!$B:$B,""),""),"") -> 11055 | AD15: =IFERROR(IF(P15<>"",_xlfn.XLOOKUP(P15,[1]AttributeName!$C:$C,[1]AttributeName!$B:$B,""),""),"") | AE15: =IF(AB15="","",_xlfn.CONCAT("[",AB15,",",M15,"]")) -> [10303,0.15] | AF15: =IF(AC15="","",_xlfn.CONCAT("[",AC15,",",O15,"]")) -> [11055,0.3] | AG15: =IF(AD15="","",_xlfn.CONCAT("[",AD15,",",Q15,"]")) | AH15: =IFERROR(IF(R15<>"",_xlfn.XLOOKUP(R15,[1]ModifierDes!$B:$B,[1]ModifierDes!$A:$A,""),""),"") -> 10124 | AI15: =IFERROR(IF(T15<>"",_xlfn.XLOOKUP(T15,[1]ModifierDes!$B:$B,[1]ModifierDes!$A:$A,""),""),"") -> 10178 | AJ15: =IFERROR(IF(V15<>"",_xlfn.XLOOKUP(V15,[1]ModifierDes!$B:$B,[1]ModifierDes!$A:$A,""),""),"") | AK15: =IFERROR(IF(X15<>"",_xlfn.XLOOKUP(X15,[1]ModifierDes!$B:$B,[1]ModifierDes!$A:$A,""),""),"") | AL15: =IF(S15="","",_xlfn.CONCAT("[",S15,"]")) -> [0.28] | AM15: =IF(U15="","",_xlfn.CONCAT("[",U15,"]")) -> [0.2] | AN15: =IF(W15="","",_xlfn.CONCAT("[",W15,"]")) | AO15: =IF(Y15="","",_xlfn.CONCAT("[",Y15,"]")) | AP15: =IFERROR(IF(Z15<>"",_xlfn.XLOOKUP(Z15,[1]StuntDes!$B:$B,[1]StuntDes!$A:$A,""),""),"") | AQ15: =IFERROR(IF(AA15<>"",_xlfn.XLOOKUP(AA15,[1]StuntDes!$B:$B,[1]StuntDes!$A:$A,""),""),"")
A16: =C16*10+D16 -> 50300 | B16: 沙虫-星级0 | C16: 5030 | D16: 0 | E16: ="[["&C16+10000&",1]]" -> [[15030,1]] | G16: =_xlfn.TEXTJOIN("|",TRUE,AH16:AJ16) -> 10031|10050|10127 | H16: =IF(R16="","",_xlfn.CONCAT("[",_xlfn.TEXTJOIN(",",TRUE,AL16:AO16),"]")) -> [[0.1,0.2],[0.3],[0.5]] | I16: =_xlfn.TEXTJOIN("|",TRUE,AP16:AQ16) | J16: =IF(AB16="","",_xlfn.CONCAT("[",_xlfn.TEXTJOIN(",",TRUE,AE16:AG16),"]")) -> [[10306,0.05],[11010,0.1]] | K16: =_xlfn.XLOOKUP(C16,Pet!A:A,Pet!E:E) -> 无 | L16: 闪电伤害提高 | M16: 0.05 | N16: 感电效果比例 | O16: 0.1 | R16: 攻击速度提高 | S16: 0.1,0.2 | T16: 施法速度提高 | U16: 0.3 | V16: 闪电伤害额外提高 | W16: 0.5 | AB16: =IFERROR(IF(L16<>"",_xlfn.XLOOKUP(L16,[1]AttributeName!$C:$C,[1]AttributeName!$B:$B,""),""),"") -> 10306 | AC16: =IFERROR(IF(N16<>"",_xlfn.XLOOKUP(N16,[1]AttributeName!$C:$C,[1]AttributeName!$B:$B,""),""),"") -> 11010 | AD16: =IFERROR(IF(P16<>"",_xlfn.XLOOKUP(P16,[1]AttributeName!$C:$C,[1]AttributeName!$B:$B,""),""),"") | AE16: =IF(AB16="","",_xlfn.CONCAT("[",AB16,",",M16,"]")) -> [10306,0.05] | AF16: =IF(AC16="","",_xlfn.CONCAT("[",AC16,",",O16,"]")) -> [11010,0.1] | AG16: =IF(AD16="","",_xlfn.CONCAT("[",AD16,",",Q16,"]")) | AH16: =IFERROR(IF(R16<>"",_xlfn.XLOOKUP(R16,[1]ModifierDes!$B:$B,[1]ModifierDes!$A:$A,""),""),"") -> 10031 | AI16: =IFERROR(IF(T16<>"",_xlfn.XLOOKUP(T16,[1]ModifierDes!$B:$B,[1]ModifierDes!$A:$A,""),""),"") -> 10050 | AJ16: =IFERROR(IF(V16<>"",_xlfn.XLOOKUP(V16,[1]ModifierDes!$B:$B,[1]ModifierDes!$A:$A,""),""),"") -> 10127 | AK16: =IFERROR(IF(X16<>"",_xlfn.XLOOKUP(X16,[1]ModifierDes!$B:$B,[1]ModifierDes!$A:$A,""),""),"") | AL16: =IF(S16="","",_xlfn.CONCAT("[",S16,"]")) -> [0.1,0.2] | AM16: =IF(U16="","",_xlfn.CONCAT("[",U16,"]")) -> [0.3] | AN16: =IF(W16="","",_xlfn.CONCAT("[",W16,"]")) -> [0.5] | AO16: =IF(Y16="","",_xlfn.CONCAT("[",Y16,"]")) | AP16: =IFERROR(IF(Z16<>"",_xlfn.XLOOKUP(Z16,[1]StuntDes!$B:$B,[1]StuntDes!$A:$A,""),""),"") | AQ16: =IFERROR(IF(AA16<>"",_xlfn.XLOOKUP(AA16,[1]StuntDes!$B:$B,[1]StuntDes!$A:$A,""),""),"")
A17: =C17*10+D17 -> 50301 | B17: 沙虫-星级1 | C17: 5030 | D17: 1 | E17: ="[["&C17+10000&",1]]" -> [[15030,1]] | G17: =_xlfn.TEXTJOIN("|",TRUE,AH17:AJ17) -> 10031|10050|10127 | H17: =IF(R17="","",_xlfn.CONCAT("[",_xlfn.TEXTJOIN(",",TRUE,AL17:AO17),"]")) -> [[0.1,0.2],[0.3],[0.5]] | I17: =_xlfn.TEXTJOIN("|",TRUE,AP17:AQ17) -> 2110000010 | J17: =IF(AB17="","",_xlfn.CONCAT("[",_xlfn.TEXTJOIN(",",TRUE,AE17:AG17),"]")) -> [[10306,0.05],[11010,0.1]] | K17: =_xlfn.XLOOKUP(C17,Pet!A:A,Pet!E:E) -> 无 | L17: 闪电伤害提高 | M17: 0.05 | N17: 感电效果比例 | O17: 0.1 | R17: 攻击速度提高 | S17: 0.1,0.2 | T17: 施法速度提高 | U17: 0.3 | V17: 闪电伤害额外提高 | W17: 0.5 | Z17: 闪电之捷 | AB17: =IFERROR(IF(L17<>"",_xlfn.XLOOKUP(L17,[1]AttributeName!$C:$C,[1]AttributeName!$B:$B,""),""),"") -> 10306 | AC17: =IFERROR(IF(N17<>"",_xlfn.XLOOKUP(N17,[1]AttributeName!$C:$C,[1]AttributeName!$B:$B,""),""),"") -> 11010 | AD17: =IFERROR(IF(P17<>"",_xlfn.XLOOKUP(P17,[1]AttributeName!$C:$C,[1]AttributeName!$B:$B,""),""),"") | AE17: =IF(AB17="","",_xlfn.CONCAT("[",AB17,",",M17,"]")) -> [10306,0.05] | AF17: =IF(AC17="","",_xlfn.CONCAT("[",AC17,",",O17,"]")) -> [11010,0.1] | AG17: =IF(AD17="","",_xlfn.CONCAT("[",AD17,",",Q17,"]")) | AH17: =IFERROR(IF(R17<>"",_xlfn.XLOOKUP(R17,[1]ModifierDes!$B:$B,[1]ModifierDes!$A:$A,""),""),"") -> 10031 | AI17: =IFERROR(IF(T17<>"",_xlfn.XLOOKUP(T17,[1]ModifierDes!$B:$B,[1]ModifierDes!$A:$A,""),""),"") -> 10050 | AJ17: =IFERROR(IF(V17<>"",_xlfn.XLOOKUP(V17,[1]ModifierDes!$B:$B,[1]ModifierDes!$A:$A,""),""),"") -> 10127 | AK17: =IFERROR(IF(X17<>"",_xlfn.XLOOKUP(X17,[1]ModifierDes!$B:$B,[1]ModifierDes!$A:$A,""),""),"") | AL17: =IF(S17="","",_xlfn.CONCAT("[",S17,"]")) -> [0.1,0.2] | AM17: =IF(U17="","",_xlfn.CONCAT("[",U17,"]")) -> [0.3] | AN17: =IF(W17="","",_xlfn.CONCAT("[",W17,"]")) -> [0.5] | AO17: =IF(Y17="","",_xlfn.CONCAT("[",Y17,"]")) | AP17: =IFERROR(IF(Z17<>"",_xlfn.XLOOKUP(Z17,[1]StuntDes!$B:$B,[1]StuntDes!$A:$A,""),""),"") -> 2110000010 | AQ17: =IFERROR(IF(AA17<>"",_xlfn.XLOOKUP(AA17,[1]StuntDes!$B:$B,[1]StuntDes!$A:$A,""),""),"")
A18: =C18*10+D18 -> 50302 | B18: 沙虫-星级2 | C18: 5030 | D18: 2 | E18: ="[["&C18+10000&",1]]" -> [[15030,1]] | G18: =_xlfn.TEXTJOIN("|",TRUE,AH18:AJ18) -> 10031|10050|10127 | H18: =IF(R18="","",_xlfn.CONCAT("[",_xlfn.TEXTJOIN(",",TRUE,AL18:AO18),"]")) -> [[0.1,0.2],[0.3],[0.5]] | I18: =_xlfn.TEXTJOIN("|",TRUE,AP18:AQ18) -> 2110000010 | J18: =IF(AB18="","",_xlfn.CONCAT("[",_xlfn.TEXTJOIN(",",TRUE,AE18:AG18),"]")) -> [[10306,0.05],[11010,0.1]] | K18: =_xlfn.XLOOKUP(C18,Pet!A:A,Pet!E:E) -> 无 | L18: 闪电伤害提高 | M18: 0.05 | N18: 感电效果比例 | O18: 0.1 | R18: 攻击速度提高 | S18: 0.1,0.2 | T18: 施法速度提高 | U18: 0.3 | V18: 闪电伤害额外提高 | W18: 0.5 | Z18: 闪电之捷 | AB18: =IFERROR(IF(L18<>"",_xlfn.XLOOKUP(L18,[1]AttributeName!$C:$C,[1]AttributeName!$B:$B,""),""),"") -> 10306 | AC18: =IFERROR(IF(N18<>"",_xlfn.XLOOKUP(N18,[1]AttributeName!$C:$C,[1]AttributeName!$B:$B,""),""),"") -> 11010 | AD18: =IFERROR(IF(P18<>"",_xlfn.XLOOKUP(P18,[1]AttributeName!$C:$C,[1]AttributeName!$B:$B,""),""),"") | AE18: =IF(AB18="","",_xlfn.CONCAT("[",AB18,",",M18,"]")) -> [10306,0.05] | AF18: =IF(AC18="","",_xlfn.CONCAT("[",AC18,",",O18,"]")) -> [11010,0.1] | AG18: =IF(AD18="","",_xlfn.CONCAT("[",AD18,",",Q18,"]")) | AH18: =IFERROR(IF(R18<>"",_xlfn.XLOOKUP(R18,[1]ModifierDes!$B:$B,[1]ModifierDes!$A:$A,""),""),"") -> 10031 | AI18: =IFERROR(IF(T18<>"",_xlfn.XLOOKUP(T18,[1]ModifierDes!$B:$B,[1]ModifierDes!$A:$A,""),""),"") -> 10050 | AJ18: =IFERROR(IF(V18<>"",_xlfn.XLOOKUP(V18,[1]ModifierDes!$B:$B,[1]ModifierDes!$A:$A,""),""),"") -> 10127 | AK18: =IFERROR(IF(X18<>"",_xlfn.XLOOKUP(X18,[1]ModifierDes!$B:$B,[1]ModifierDes!$A:$A,""),""),"") | AL18: =IF(S18="","",_xlfn.CONCAT("[",S18,"]")) -> [0.1,0.2] | AM18: =IF(U18="","",_xlfn.CONCAT("[",U18,"]")) -> [0.3] | AN18: =IF(W18="","",_xlfn.CONCAT("[",W18,"]")) -> [0.5] | AO18: =IF(Y18="","",_xlfn.CONCAT("[",Y18,"]")) | AP18: =IFERROR(IF(Z18<>"",_xlfn.XLOOKUP(Z18,[1]StuntDes!$B:$B,[1]StuntDes!$A:$A,""),""),"") -> 2110000010 | AQ18: =IFERROR(IF(AA18<>"",_xlfn.XLOOKUP(AA18,[1]StuntDes!$B:$B,[1]StuntDes!$A:$A,""),""),"")
A19: =C19*10+D19 -> 50303 | B19: 沙虫-星级3 | C19: 5030 | D19: 3 | E19: ="[["&C19+10000&",1]]" -> [[15030,1]] | G19: =_xlfn.TEXTJOIN("|",TRUE,AH19:AJ19) -> 10031|10050|10127 | H19: =IF(R19="","",_xlfn.CONCAT("[",_xlfn.TEXTJOIN(",",TRUE,AL19:AO19),"]")) -> [[0.1,0.2],[0.3],[0.5]] | I19: =_xlfn.TEXTJOIN("|",TRUE,AP19:AQ19) -> 2110000010 | J19: =IF(AB19="","",_xlfn.CONCAT("[",_xlfn.TEXTJOIN(",",TRUE,AE19:AG19),"]")) -> [[10306,0.05],[11010,0.1]] | K19: =_xlfn.XLOOKUP(C19,Pet!A:A,Pet!E:E) -> 无 | L19: 闪电伤害提高 | M19: 0.05 | N19: 感电效果比例 | O19: 0.1 | R19: 攻击速度提高 | S19: 0.1,0.2 | T19: 施法速度提高 | U19: 0.3 | V19: 闪电伤害额外提高 | W19: 0.5 | Z19: 闪电之捷 | AB19: =IFERROR(IF(L19<>"",_xlfn.XLOOKUP(L19,[1]AttributeName!$C:$C,[1]AttributeName!$B:$B,""),""),"") -> 10306 | AC19: =IFERROR(IF(N19<>"",_xlfn.XLOOKUP(N19,[1]AttributeName!$C:$C,[1]AttributeName!$B:$B,""),""),"") -> 11010 | AD19: =IFERROR(IF(P19<>"",_xlfn.XLOOKUP(P19,[1]AttributeName!$C:$C,[1]AttributeName!$B:$B,""),""),"") | AE19: =IF(AB19="","",_xlfn.CONCAT("[",AB19,",",M19,"]")) -> [10306,0.05] | AF19: =IF(AC19="","",_xlfn.CONCAT("[",AC19,",",O19,"]")) -> [11010,0.1] | AG19: =IF(AD19="","",_xlfn.CONCAT("[",AD19,",",Q19,"]")) | AH19: =IFERROR(IF(R19<>"",_xlfn.XLOOKUP(R19,[1]ModifierDes!$B:$B,[1]ModifierDes!$A:$A,""),""),"") -> 10031 | AI19: =IFERROR(IF(T19<>"",_xlfn.XLOOKUP(T19,[1]ModifierDes!$B:$B,[1]ModifierDes!$A:$A,""),""),"") -> 10050 | AJ19: =IFERROR(IF(V19<>"",_xlfn.XLOOKUP(V19,[1]ModifierDes!$B:$B,[1]ModifierDes!$A:$A,""),""),"") -> 10127 | AK19: =IFERROR(IF(X19<>"",_xlfn.XLOOKUP(X19,[1]ModifierDes!$B:$B,[1]ModifierDes!$A:$A,""),""),"") | AL19: =IF(S19="","",_xlfn.CONCAT("[",S19,"]")) -> [0.1,0.2] | AM19: =IF(U19="","",_xlfn.CONCAT("[",U19,"]")) -> [0.3] | AN19: =IF(W19="","",_xlfn.CONCAT("[",W19,"]")) -> [0.5] | AO19: =IF(Y19="","",_xlfn.CONCAT("[",Y19,"]")) | AP19: =IFERROR(IF(Z19<>"",_xlfn.XLOOKUP(Z19,[1]StuntDes!$B:$B,[1]StuntDes!$A:$A,""),""),"") -> 2110000010 | AQ19: =IFERROR(IF(AA19<>"",_xlfn.XLOOKUP(AA19,[1]StuntDes!$B:$B,[1]StuntDes!$A:$A,""),""),"")
A20: =C20*10+D20 -> 50304 | B20: 沙虫-星级4 | C20: 5030 | D20: 4 | E20: ="[["&C20+10000&",1]]" -> [[15030,1]] | G20: =_xlfn.TEXTJOIN("|",TRUE,AH20:AJ20) -> 10031|10050|10127 | H20: =IF(R20="","",_xlfn.CONCAT("[",_xlfn.TEXTJOIN(",",TRUE,AL20:AO20),"]")) -> [[0.1,0.2],[0.3],[0.5]] | I20: =_xlfn.TEXTJOIN("|",TRUE,AP20:AQ20) -> 2110000010|2110000020 | J20: =IF(AB20="","",_xlfn.CONCAT("[",_xlfn.TEXTJOIN(",",TRUE,AE20:AG20),"]")) -> [[10306,0.05],[11010,0.1]] | K20: =_xlfn.XLOOKUP(C20,Pet!A:A,Pet!E:E) -> 无 | L20: 闪电伤害提高 | M20: 0.05 | N20: 感电效果比例 | O20: 0.1 | R20: 攻击速度提高 | S20: 0.1,0.2 | T20: 施法速度提高 | U20: 0.3 | V20: 闪电伤害额外提高 | W20: 0.5 | Z20: 闪电之捷 | AA20: 灰烬之捷 | AB20: =IFERROR(IF(L20<>"",_xlfn.XLOOKUP(L20,[1]AttributeName!$C:$C,[1]AttributeName!$B:$B,""),""),"") -> 10306 | AC20: =IFERROR(IF(N20<>"",_xlfn.XLOOKUP(N20,[1]AttributeName!$C:$C,[1]AttributeName!$B:$B,""),""),"") -> 11010 | AD20: =IFERROR(IF(P20<>"",_xlfn.XLOOKUP(P20,[1]AttributeName!$C:$C,[1]AttributeName!$B:$B,""),""),"") | AE20: =IF(AB20="","",_xlfn.CONCAT("[",AB20,",",M20,"]")) -> [10306,0.05] | AF20: =IF(AC20="","",_xlfn.CONCAT("[",AC20,",",O20,"]")) -> [11010,0.1] | AG20: =IF(AD20="","",_xlfn.CONCAT("[",AD20,",",Q20,"]")) | AH20: =IFERROR(IF(R20<>"",_xlfn.XLOOKUP(R20,[1]ModifierDes!$B:$B,[1]ModifierDes!$A:$A,""),""),"") -> 10031 | AI20: =IFERROR(IF(T20<>"",_xlfn.XLOOKUP(T20,[1]ModifierDes!$B:$B,[1]ModifierDes!$A:$A,""),""),"") -> 10050 | AJ20: =IFERROR(IF(V20<>"",_xlfn.XLOOKUP(V20,[1]ModifierDes!$B:$B,[1]ModifierDes!$A:$A,""),""),"") -> 10127 | AK20: =IFERROR(IF(X20<>"",_xlfn.XLOOKUP(X20,[1]ModifierDes!$B:$B,[1]ModifierDes!$A:$A,""),""),"") | AL20: =IF(S20="","",_xlfn.CONCAT("[",S20,"]")) -> [0.1,0.2] | AM20: =IF(U20="","",_xlfn.CONCAT("[",U20,"]")) -> [0.3] | AN20: =IF(W20="","",_xlfn.CONCAT("[",W20,"]")) -> [0.5] | AO20: =IF(Y20="","",_xlfn.CONCAT("[",Y20,"]")) | AP20: =IFERROR(IF(Z20<>"",_xlfn.XLOOKUP(Z20,[1]StuntDes!$B:$B,[1]StuntDes!$A:$A,""),""),"") -> 2110000010 | AQ20: =IFERROR(IF(AA20<>"",_xlfn.XLOOKUP(AA20,[1]StuntDes!$B:$B,[1]StuntDes!$A:$A,""),""),"") -> 2110000020
A21: =C21*10+D21 -> 50305 | B21: 沙虫-星级5 | C21: 5030 | D21: 5 | G21: =_xlfn.TEXTJOIN("|",TRUE,AH21:AJ21) -> 10031|10050|10127 | H21: =IF(R21="","",_xlfn.CONCAT("[",_xlfn.TEXTJOIN(",",TRUE,AL21:AO21),"]")) -> [[0.1,0.2],[0.3],[0.5]] | I21: =_xlfn.TEXTJOIN("|",TRUE,AP21:AQ21) -> 2110000010|2110000020 | J21: =IF(AB21="","",_xlfn.CONCAT("[",_xlfn.TEXTJOIN(",",TRUE,AE21:AG21),"]")) -> [[10306,0.05],[11010,0.1]] | K21: =_xlfn.XLOOKUP(C21,Pet!A:A,Pet!E:E) -> 无 | L21: 闪电伤害提高 | M21: 0.05 | N21: 感电效果比例 | O21: 0.1 | R21: 攻击速度提高 | S21: 0.1,0.2 | T21: 施法速度提高 | U21: 0.3 | V21: 闪电伤害额外提高 | W21: 0.5 | Z21: 闪电之捷 | AA21: 灰烬之捷 | AB21: =IFERROR(IF(L21<>"",_xlfn.XLOOKUP(L21,[1]AttributeName!$C:$C,[1]AttributeName!$B:$B,""),""),"") -> 10306 | AC21: =IFERROR(IF(N21<>"",_xlfn.XLOOKUP(N21,[1]AttributeName!$C:$C,[1]AttributeName!$B:$B,""),""),"") -> 11010 | AD21: =IFERROR(IF(P21<>"",_xlfn.XLOOKUP(P21,[1]AttributeName!$C:$C,[1]AttributeName!$B:$B,""),""),"") | AE21: =IF(AB21="","",_xlfn.CONCAT("[",AB21,",",M21,"]")) -> [10306,0.05] | AF21: =IF(AC21="","",_xlfn.CONCAT("[",AC21,",",O21,"]")) -> [11010,0.1] | AG21: =IF(AD21="","",_xlfn.CONCAT("[",AD21,",",Q21,"]")) | AH21: =IFERROR(IF(R21<>"",_xlfn.XLOOKUP(R21,[1]ModifierDes!$B:$B,[1]ModifierDes!$A:$A,""),""),"") -> 10031 | AI21: =IFERROR(IF(T21<>"",_xlfn.XLOOKUP(T21,[1]ModifierDes!$B:$B,[1]ModifierDes!$A:$A,""),""),"") -> 10050 | AJ21: =IFERROR(IF(V21<>"",_xlfn.XLOOKUP(V21,[1]ModifierDes!$B:$B,[1]ModifierDes!$A:$A,""),""),"") -> 10127 | AK21: =IFERROR(IF(X21<>"",_xlfn.XLOOKUP(X21,[1]ModifierDes!$B:$B,[1]ModifierDes!$A:$A,""),""),"") | AL21: =IF(S21="","",_xlfn.CONCAT("[",S21,"]")) -> [0.1,0.2] | AM21: =IF(U21="","",_xlfn.CONCAT("[",U21,"]")) -> [0.3] | AN21: =IF(W21="","",_xlfn.CONCAT("[",W21,"]")) -> [0.5] | AO21: =IF(Y21="","",_xlfn.CONCAT("[",Y21,"]")) | AP21: =IFERROR(IF(Z21<>"",_xlfn.XLOOKUP(Z21,[1]StuntDes!$B:$B,[1]StuntDes!$A:$A,""),""),"") -> 2110000010 | AQ21: =IFERROR(IF(AA21<>"",_xlfn.XLOOKUP(AA21,[1]StuntDes!$B:$B,[1]StuntDes!$A:$A,""),""),"") -> 2110000020
A22: =C22*10+D22 -> 50400 | B22: 小炎龙-星级0 | C22: 5040 | D22: 0 | E22: ="[["&C22+10000&",1]]" -> [[15040,1]] | G22: =_xlfn.TEXTJOIN("|",TRUE,AH22:AJ22) | H22: =IF(R22="","",_xlfn.CONCAT("[",_xlfn.TEXTJOIN(",",TRUE,AL22:AO22),"]")) | I22: =_xlfn.TEXTJOIN("|",TRUE,AP22:AQ22) | J22: =IF(AB22="","",_xlfn.CONCAT("[",_xlfn.TEXTJOIN(",",TRUE,AE22:AG22),"]")) -> [[10304,0.08],[11007,0.04]] | K22: =_xlfn.XLOOKUP(C22,Pet!A:A,Pet!E:E) -> R-火焰 | L22: 火焰伤害提高 | M22: 0.08 | N22: 点燃效果比例 | O22: 0.04 | AB22: =IFERROR(IF(L22<>"",_xlfn.XLOOKUP(L22,[1]AttributeName!$C:$C,[1]AttributeName!$B:$B,""),""),"") -> 10304 | AC22: =IFERROR(IF(N22<>"",_xlfn.XLOOKUP(N22,[1]AttributeName!$C:$C,[1]AttributeName!$B:$B,""),""),"") -> 11007 | AD22: =IFERROR(IF(P22<>"",_xlfn.XLOOKUP(P22,[1]AttributeName!$C:$C,[1]AttributeName!$B:$B,""),""),"") | AE22: =IF(AB22="","",_xlfn.CONCAT("[",AB22,",",M22,"]")) -> [10304,0.08] | AF22: =IF(AC22="","",_xlfn.CONCAT("[",AC22,",",O22,"]")) -> [11007,0.04] | AG22: =IF(AD22="","",_xlfn.CONCAT("[",AD22,",",Q22,"]")) | AH22: =IFERROR(IF(R22<>"",_xlfn.XLOOKUP(R22,[1]ModifierDes!$B:$B,[1]ModifierDes!$A:$A,""),""),"") | AI22: =IFERROR(IF(T22<>"",_xlfn.XLOOKUP(T22,[1]ModifierDes!$B:$B,[1]ModifierDes!$A:$A,""),""),"") | AJ22: =IFERROR(IF(V22<>"",_xlfn.XLOOKUP(V22,[1]ModifierDes!$B:$B,[1]ModifierDes!$A:$A,""),""),"") | AK22: =IFERROR(IF(X22<>"",_xlfn.XLOOKUP(X22,[1]ModifierDes!$B:$B,[1]ModifierDes!$A:$A,""),""),"") | AL22: =IF(S22="","",_xlfn.CONCAT("[",S22,"]")) | AM22: =IF(U22="","",_xlfn.CONCAT("[",U22,"]")) | AN22: =IF(W22="","",_xlfn.CONCAT("[",W22,"]")) | AO22: =IF(Y22="","",_xlfn.CONCAT("[",Y22,"]")) | AP22: =IFERROR(IF(Z22<>"",_xlfn.XLOOKUP(Z22,[1]StuntDes!$B:$B,[1]StuntDes!$A:$A,""),""),"") | AQ22: =IFERROR(IF(AA22<>"",_xlfn.XLOOKUP(AA22,[1]StuntDes!$B:$B,[1]StuntDes!$A:$A,""),""),"")
A23: =C23*10+D23 -> 50401 | B23: 小炎龙-星级1 | C23: 5040 | D23: 1 | E23: ="[["&C23+10000&",1]]" -> [[15040,1]] | G23: =_xlfn.TEXTJOIN("|",TRUE,AH23:AJ23) | H23: =IF(R23="","",_xlfn.CONCAT("[",_xlfn.TEXTJOIN(",",TRUE,AL23:AO23),"]")) | I23: =_xlfn.TEXTJOIN("|",TRUE,AP23:AQ23) | J23: =IF(AB23="","",_xlfn.CONCAT("[",_xlfn.TEXTJOIN(",",TRUE,AE23:AG23),"]")) -> [[10304,0.13],[11007,0.04]] | K23: =_xlfn.XLOOKUP(C23,Pet!A:A,Pet!E:E) -> R-火焰 | L23: 火焰伤害提高 | M23: 0.13 | N23: 点燃效果比例 | O23: 0.04 | AB23: =IFERROR(IF(L23<>"",_xlfn.XLOOKUP(L23,[1]AttributeName!$C:$C,[1]AttributeName!$B:$B,""),""),"") -> 10304 | AC23: =IFERROR(IF(N23<>"",_xlfn.XLOOKUP(N23,[1]AttributeName!$C:$C,[1]AttributeName!$B:$B,""),""),"") -> 11007 | AD23: =IFERROR(IF(P23<>"",_xlfn.XLOOKUP(P23,[1]AttributeName!$C:$C,[1]AttributeName!$B:$B,""),""),"") | AE23: =IF(AB23="","",_xlfn.CONCAT("[",AB23,",",M23,"]")) -> [10304,0.13] | AF23: =IF(AC23="","",_xlfn.CONCAT("[",AC23,",",O23,"]")) -> [11007,0.04] | AG23: =IF(AD23="","",_xlfn.CONCAT("[",AD23,",",Q23,"]")) | AH23: =IFERROR(IF(R23<>"",_xlfn.XLOOKUP(R23,[1]ModifierDes!$B:$B,[1]ModifierDes!$A:$A,""),""),"") | AI23: =IFERROR(IF(T23<>"",_xlfn.XLOOKUP(T23,[1]ModifierDes!$B:$B,[1]ModifierDes!$A:$A,""),""),"") | AJ23: =IFERROR(IF(V23<>"",_xlfn.XLOOKUP(V23,[1]ModifierDes!$B:$B,[1]ModifierDes!$A:$A,""),""),"") | AK23: =IFERROR(IF(X23<>"",_xlfn.XLOOKUP(X23,[1]ModifierDes!$B:$B,[1]ModifierDes!$A:$A,""),""),"") | AL23: =IF(S23="","",_xlfn.CONCAT("[",S23,"]")) | AM23: =IF(U23="","",_xlfn.CONCAT("[",U23,"]")) | AN23: =IF(W23="","",_xlfn.CONCAT("[",W23,"]")) | AO23: =IF(Y23="","",_xlfn.CONCAT("[",Y23,"]")) | AP23: =IFERROR(IF(Z23<>"",_xlfn.XLOOKUP(Z23,[1]StuntDes!$B:$B,[1]StuntDes!$A:$A,""),""),"") | AQ23: =IFERROR(IF(AA23<>"",_xlfn.XLOOKUP(AA23,[1]StuntDes!$B:$B,[1]StuntDes!$A:$A,""),""),"")
A24: =C24*10+D24 -> 50402 | B24: 小炎龙-星级2 | C24: 5040 | D24: 2 | E24: ="[["&C24+10000&",1]]" -> [[15040,1]] | G24: =_xlfn.TEXTJOIN("|",TRUE,AH24:AJ24) | H24: =IF(R24="","",_xlfn.CONCAT("[",_xlfn.TEXTJOIN(",",TRUE,AL24:AO24),"]")) | I24: =_xlfn.TEXTJOIN("|",TRUE,AP24:AQ24) | J24: =IF(AB24="","",_xlfn.CONCAT("[",_xlfn.TEXTJOIN(",",TRUE,AE24:AG24),"]")) -> [[10304,0.13],[11007,0.14]] | K24: =_xlfn.XLOOKUP(C24,Pet!A:A,Pet!E:E) -> R-火焰 | L24: 火焰伤害提高 | M24: 0.13 | N24: 点燃效果比例 | O24: 0.14 | AB24: =IFERROR(IF(L24<>"",_xlfn.XLOOKUP(L24,[1]AttributeName!$C:$C,[1]AttributeName!$B:$B,""),""),"") -> 10304 | AC24: =IFERROR(IF(N24<>"",_xlfn.XLOOKUP(N24,[1]AttributeName!$C:$C,[1]AttributeName!$B:$B,""),""),"") -> 11007 | AD24: =IFERROR(IF(P24<>"",_xlfn.XLOOKUP(P24,[1]AttributeName!$C:$C,[1]AttributeName!$B:$B,""),""),"") | AE24: =IF(AB24="","",_xlfn.CONCAT("[",AB24,",",M24,"]")) -> [10304,0.13] | AF24: =IF(AC24="","",_xlfn.CONCAT("[",AC24,",",O24,"]")) -> [11007,0.14] | AG24: =IF(AD24="","",_xlfn.CONCAT("[",AD24,",",Q24,"]")) | AH24: =IFERROR(IF(R24<>"",_xlfn.XLOOKUP(R24,[1]ModifierDes!$B:$B,[1]ModifierDes!$A:$A,""),""),"") | AI24: =IFERROR(IF(T24<>"",_xlfn.XLOOKUP(T24,[1]ModifierDes!$B:$B,[1]ModifierDes!$A:$A,""),""),"") | AJ24: =IFERROR(IF(V24<>"",_xlfn.XLOOKUP(V24,[1]ModifierDes!$B:$B,[1]ModifierDes!$A:$A,""),""),"") | AK24: =IFERROR(IF(X24<>"",_xlfn.XLOOKUP(X24,[1]ModifierDes!$B:$B,[1]ModifierDes!$A:$A,""),""),"") | AL24: =IF(S24="","",_xlfn.CONCAT("[",S24,"]")) | AM24: =IF(U24="","",_xlfn.CONCAT("[",U24,"]")) | AN24: =IF(W24="","",_xlfn.CONCAT("[",W24,"]")) | AO24: =IF(Y24="","",_xlfn.CONCAT("[",Y24,"]")) | AP24: =IFERROR(IF(Z24<>"",_xlfn.XLOOKUP(Z24,[1]StuntDes!$B:$B,[1]StuntDes!$A:$A,""),""),"") | AQ24: =IFERROR(IF(AA24<>"",_xlfn.XLOOKUP(AA24,[1]StuntDes!$B:$B,[1]StuntDes!$A:$A,""),""),"")
A25: =C25*10+D25 -> 50403 | B25: 小炎龙-星级3 | C25: 5040 | D25: 3 | E25: ="[["&C25+10000&",1]]" -> [[15040,1]] | G25: =_xlfn.TEXTJOIN("|",TRUE,AH25:AJ25) | H25: =IF(R25="","",_xlfn.CONCAT("[",_xlfn.TEXTJOIN(",",TRUE,AL25:AO25),"]")) | I25: =_xlfn.TEXTJOIN("|",TRUE,AP25:AQ25) | J25: =IF(AB25="","",_xlfn.CONCAT("[",_xlfn.TEXTJOIN(",",TRUE,AE25:AG25),"]")) -> [[10304,0.13],[11007,0.14],[10300,0.1]] | K25: =_xlfn.XLOOKUP(C25,Pet!A:A,Pet!E:E) -> R-火焰 | L25: 火焰伤害提高 | M25: 0.13 | N25: 点燃效果比例 | O25: 0.14 | P25: 全局伤害提高 | Q25: 0.1 | AB25: =IFERROR(IF(L25<>"",_xlfn.XLOOKUP(L25,[1]AttributeName!$C:$C,[1]AttributeName!$B:$B,""),""),"") -> 10304 | AC25: =IFERROR(IF(N25<>"",_xlfn.XLOOKUP(N25,[1]AttributeName!$C:$C,[1]AttributeName!$B:$B,""),""),"") -> 11007 | AD25: =IFERROR(IF(P25<>"",_xlfn.XLOOKUP(P25,[1]AttributeName!$C:$C,[1]AttributeName!$B:$B,""),""),"") -> 10300 | AE25: =IF(AB25="","",_xlfn.CONCAT("[",AB25,",",M25,"]")) -> [10304,0.13] | AF25: =IF(AC25="","",_xlfn.CONCAT("[",AC25,",",O25,"]")) -> [11007,0.14] | AG25: =IF(AD25="","",_xlfn.CONCAT("[",AD25,",",Q25,"]")) -> [10300,0.1] | AH25: =IFERROR(IF(R25<>"",_xlfn.XLOOKUP(R25,[1]ModifierDes!$B:$B,[1]ModifierDes!$A:$A,""),""),"") | AI25: =IFERROR(IF(T25<>"",_xlfn.XLOOKUP(T25,[1]ModifierDes!$B:$B,[1]ModifierDes!$A:$A,""),""),"") | AJ25: =IFERROR(IF(V25<>"",_xlfn.XLOOKUP(V25,[1]ModifierDes!$B:$B,[1]ModifierDes!$A:$A,""),""),"") | AK25: =IFERROR(IF(X25<>"",_xlfn.XLOOKUP(X25,[1]ModifierDes!$B:$B,[1]ModifierDes!$A:$A,""),""),"") | AL25: =IF(S25="","",_xlfn.CONCAT("[",S25,"]")) | AM25: =IF(U25="","",_xlfn.CONCAT("[",U25,"]")) | AN25: =IF(W25="","",_xlfn.CONCAT("[",W25,"]")) | AO25: =IF(Y25="","",_xlfn.CONCAT("[",Y25,"]")) | AP25: =IFERROR(IF(Z25<>"",_xlfn.XLOOKUP(Z25,[1]StuntDes!$B:$B,[1]StuntDes!$A:$A,""),""),"") | AQ25: =IFERROR(IF(AA25<>"",_xlfn.XLOOKUP(AA25,[1]StuntDes!$B:$B,[1]StuntDes!$A:$A,""),""),"")
A26: =C26*10+D26 -> 50404 | B26: 小炎龙-星级4 | C26: 5040 | D26: 4 | E26: ="[["&C26+10000&",1]]" -> [[15040,1]] | G26: =_xlfn.TEXTJOIN("|",TRUE,AH26:AJ26) | H26: =IF(R26="","",_xlfn.CONCAT("[",_xlfn.TEXTJOIN(",",TRUE,AL26:AO26),"]")) | I26: =_xlfn.TEXTJOIN("|",TRUE,AP26:AQ26) | J26: =IF(AB26="","",_xlfn.CONCAT("[",_xlfn.TEXTJOIN(",",TRUE,AE26:AG26),"]")) -> [[10304,0.22],[11007,0.14],[10300,0.1]] | K26: =_xlfn.XLOOKUP(C26,Pet!A:A,Pet!E:E) -> R-火焰 | L26: 火焰伤害提高 | M26: 0.22 | N26: 点燃效果比例 | O26: 0.14 | P26: 全局伤害提高 | Q26: 0.1 | AB26: =IFERROR(IF(L26<>"",_xlfn.XLOOKUP(L26,[1]AttributeName!$C:$C,[1]AttributeName!$B:$B,""),""),"") -> 10304 | AC26: =IFERROR(IF(N26<>"",_xlfn.XLOOKUP(N26,[1]AttributeName!$C:$C,[1]AttributeName!$B:$B,""),""),"") -> 11007 | AD26: =IFERROR(IF(P26<>"",_xlfn.XLOOKUP(P26,[1]AttributeName!$C:$C,[1]AttributeName!$B:$B,""),""),"") -> 10300 | AE26: =IF(AB26="","",_xlfn.CONCAT("[",AB26,",",M26,"]")) -> [10304,0.22] | AF26: =IF(AC26="","",_xlfn.CONCAT("[",AC26,",",O26,"]")) -> [11007,0.14] | AG26: =IF(AD26="","",_xlfn.CONCAT("[",AD26,",",Q26,"]")) -> [10300,0.1] | AH26: =IFERROR(IF(R26<>"",_xlfn.XLOOKUP(R26,[1]ModifierDes!$B:$B,[1]ModifierDes!$A:$A,""),""),"") | AI26: =IFERROR(IF(T26<>"",_xlfn.XLOOKUP(T26,[1]ModifierDes!$B:$B,[1]ModifierDes!$A:$A,""),""),"") | AJ26: =IFERROR(IF(V26<>"",_xlfn.XLOOKUP(V26,[1]ModifierDes!$B:$B,[1]ModifierDes!$A:$A,""),""),"") | AK26: =IFERROR(IF(X26<>"",_xlfn.XLOOKUP(X26,[1]ModifierDes!$B:$B,[1]ModifierDes!$A:$A,""),""),"") | AL26: =IF(S26="","",_xlfn.CONCAT("[",S26,"]")) | AM26: =IF(U26="","",_xlfn.CONCAT("[",U26,"]")) | AN26: =IF(W26="","",_xlfn.CONCAT("[",W26,"]")) | AO26: =IF(Y26="","",_xlfn.CONCAT("[",Y26,"]")) | AP26: =IFERROR(IF(Z26<>"",_xlfn.XLOOKUP(Z26,[1]StuntDes!$B:$B,[1]StuntDes!$A:$A,""),""),"") | AQ26: =IFERROR(IF(AA26<>"",_xlfn.XLOOKUP(AA26,[1]StuntDes!$B:$B,[1]StuntDes!$A:$A,""),""),"")
A27: =C27*10+D27 -> 50405 | B27: 小炎龙-星级5 | C27: 5040 | D27: 5 | G27: =_xlfn.TEXTJOIN("|",TRUE,AH27:AJ27) | H27: =IF(R27="","",_xlfn.CONCAT("[",_xlfn.TEXTJOIN(",",TRUE,AL27:AO27),"]")) | I27: =_xlfn.TEXTJOIN("|",TRUE,AP27:AQ27) | J27: =IF(AB27="","",_xlfn.CONCAT("[",_xlfn.TEXTJOIN(",",TRUE,AE27:AG27),"]")) -> [[10304,0.22],[11007,0.36],[10300,0.1]] | K27: =_xlfn.XLOOKUP(C27,Pet!A:A,Pet!E:E) -> R-火焰 | L27: 火焰伤害提高 | M27: 0.22 | N27: 点燃效果比例 | O27: 0.36 | P27: 全局伤害提高 | Q27: 0.1 | AB27: =IFERROR(IF(L27<>"",_xlfn.XLOOKUP(L27,[1]AttributeName!$C:$C,[1]AttributeName!$B:$B,""),""),"") -> 10304 | AC27: =IFERROR(IF(N27<>"",_xlfn.XLOOKUP(N27,[1]AttributeName!$C:$C,[1]AttributeName!$B:$B,""),""),"") -> 11007 | AD27: =IFERROR(IF(P27<>"",_xlfn.XLOOKUP(P27,[1]AttributeName!$C:$C,[1]AttributeName!$B:$B,""),""),"") -> 10300 | AE27: =IF(AB27="","",_xlfn.CONCAT("[",AB27,",",M27,"]")) -> [10304,0.22] | AF27: =IF(AC27="","",_xlfn.CONCAT("[",AC27,",",O27,"]")) -> [11007,0.36] | AG27: =IF(AD27="","",_xlfn.CONCAT("[",AD27,",",Q27,"]")) -> [10300,0.1] | AH27: =IFERROR(IF(R27<>"",_xlfn.XLOOKUP(R27,[1]ModifierDes!$B:$B,[1]ModifierDes!$A:$A,""),""),"") | AI27: =IFERROR(IF(T27<>"",_xlfn.XLOOKUP(T27,[1]ModifierDes!$B:$B,[1]ModifierDes!$A:$A,""),""),"") | AJ27: =IFERROR(IF(V27<>"",_xlfn.XLOOKUP(V27,[1]ModifierDes!$B:$B,[1]ModifierDes!$A:$A,""),""),"") | AK27: =IFERROR(IF(X27<>"",_xlfn.XLOOKUP(X27,[1]ModifierDes!$B:$B,[1]ModifierDes!$A:$A,""),""),"") | AL27: =IF(S27="","",_xlfn.CONCAT("[",S27,"]")) | AM27: =IF(U27="","",_xlfn.CONCAT("[",U27,"]")) | AN27: =IF(W27="","",_xlfn.CONCAT("[",W27,"]")) | AO27: =IF(Y27="","",_xlfn.CONCAT("[",Y27,"]")) | AP27: =IFERROR(IF(Z27<>"",_xlfn.XLOOKUP(Z27,[1]StuntDes!$B:$B,[1]StuntDes!$A:$A,""),""),"") | AQ27: =IFERROR(IF(AA27<>"",_xlfn.XLOOKUP(AA27,[1]StuntDes!$B:$B,[1]StuntDes!$A:$A,""),""),"")
A28: =C28*10+D28 -> 50500 | B28: 半兽人-星级0 | C28: 5050 | D28: 0 | E28: ="[["&C28+10000&",1]]" -> [[15050,1]] | G28: =_xlfn.TEXTJOIN("|",TRUE,AH28:AJ28) -> 10066|10031 | H28: =IF(R28="","",_xlfn.CONCAT("[",_xlfn.TEXTJOIN(",",TRUE,AL28:AO28),"]")) -> [[0.07],[0.01]] | I28: =_xlfn.TEXTJOIN("|",TRUE,AP28:AQ28) | J28: =IF(AB28="","",_xlfn.CONCAT("[",_xlfn.TEXTJOIN(",",TRUE,AE28:AG28),"]")) | K28: =_xlfn.XLOOKUP(C28,Pet!A:A,Pet!E:E) -> R-攻击 | R28: 攻击伤害提高 | S28: 0.07 | T28: 攻击速度提高 | U28: 0.01 | AB28: =IFERROR(IF(L28<>"",_xlfn.XLOOKUP(L28,[1]AttributeName!$C:$C,[1]AttributeName!$B:$B,""),""),"") | AC28: =IFERROR(IF(N28<>"",_xlfn.XLOOKUP(N28,[1]AttributeName!$C:$C,[1]AttributeName!$B:$B,""),""),"") | AD28: =IFERROR(IF(P28<>"",_xlfn.XLOOKUP(P28,[1]AttributeName!$C:$C,[1]AttributeName!$B:$B,""),""),"") | AE28: =IF(AB28="","",_xlfn.CONCAT("[",AB28,",",M28,"]")) | AF28: =IF(AC28="","",_xlfn.CONCAT("[",AC28,",",O28,"]")) | AG28: =IF(AD28="","",_xlfn.CONCAT("[",AD28,",",Q28,"]")) | AH28: =IFERROR(IF(R28<>"",_xlfn.XLOOKUP(R28,[1]ModifierDes!$B:$B,[1]ModifierDes!$A:$A,""),""),"") -> 10066 | AI28: =IFERROR(IF(T28<>"",_xlfn.XLOOKUP(T28,[1]ModifierDes!$B:$B,[1]ModifierDes!$A:$A,""),""),"") -> 10031 | AJ28: =IFERROR(IF(V28<>"",_xlfn.XLOOKUP(V28,[1]ModifierDes!$B:$B,[1]ModifierDes!$A:$A,""),""),"") | AK28: =IFERROR(IF(X28<>"",_xlfn.XLOOKUP(X28,[1]ModifierDes!$B:$B,[1]ModifierDes!$A:$A,""),""),"") | AL28: =IF(S28="","",_xlfn.CONCAT("[",S28,"]")) -> [0.07] | AM28: =IF(U28="","",_xlfn.CONCAT("[",U28,"]")) -> [0.01] | AN28: =IF(W28="","",_xlfn.CONCAT("[",W28,"]")) | AO28: =IF(Y28="","",_xlfn.CONCAT("[",Y28,"]")) | AP28: =IFERROR(IF(Z28<>"",_xlfn.XLOOKUP(Z28,[1]StuntDes!$B:$B,[1]StuntDes!$A:$A,""),""),"") | AQ28: =IFERROR(IF(AA28<>"",_xlfn.XLOOKUP(AA28,[1]StuntDes!$B:$B,[1]StuntDes!$A:$A,""),""),"")
A29: =C29*10+D29 -> 50501 | B29: 半兽人-星级1 | C29: 5050 | D29: 1 | E29: ="[["&C29+10000&",1]]" -> [[15050,1]] | G29: =_xlfn.TEXTJOIN("|",TRUE,AH29:AJ29) -> 10066|10031 | H29: =IF(R29="","",_xlfn.CONCAT("[",_xlfn.TEXTJOIN(",",TRUE,AL29:AO29),"]")) -> [[0.11],[0.01]] | I29: =_xlfn.TEXTJOIN("|",TRUE,AP29:AQ29) | J29: =IF(AB29="","",_xlfn.CONCAT("[",_xlfn.TEXTJOIN(",",TRUE,AE29:AG29),"]")) | K29: =_xlfn.XLOOKUP(C29,Pet!A:A,Pet!E:E) -> R-攻击 | R29: 攻击伤害提高 | S29: 0.11 | T29: 攻击速度提高 | U29: 0.01 | AB29: =IFERROR(IF(L29<>"",_xlfn.XLOOKUP(L29,[1]AttributeName!$C:$C,[1]AttributeName!$B:$B,""),""),"") | AC29: =IFERROR(IF(N29<>"",_xlfn.XLOOKUP(N29,[1]AttributeName!$C:$C,[1]AttributeName!$B:$B,""),""),"") | AD29: =IFERROR(IF(P29<>"",_xlfn.XLOOKUP(P29,[1]AttributeName!$C:$C,[1]AttributeName!$B:$B,""),""),"") | AE29: =IF(AB29="","",_xlfn.CONCAT("[",AB29,",",M29,"]")) | AF29: =IF(AC29="","",_xlfn.CONCAT("[",AC29,",",O29,"]")) | AG29: =IF(AD29="","",_xlfn.CONCAT("[",AD29,",",Q29,"]")) | AH29: =IFERROR(IF(R29<>"",_xlfn.XLOOKUP(R29,[1]ModifierDes!$B:$B,[1]ModifierDes!$A:$A,""),""),"") -> 10066 | AI29: =IFERROR(IF(T29<>"",_xlfn.XLOOKUP(T29,[1]ModifierDes!$B:$B,[1]ModifierDes!$A:$A,""),""),"") -> 10031 | AJ29: =IFERROR(IF(V29<>"",_xlfn.XLOOKUP(V29,[1]ModifierDes!$B:$B,[1]ModifierDes!$A:$A,""),""),"") | AK29: =IFERROR(IF(X29<>"",_xlfn.XLOOKUP(X29,[1]ModifierDes!$B:$B,[1]ModifierDes!$A:$A,""),""),"") | AL29: =IF(S29="","",_xlfn.CONCAT("[",S29,"]")) -> [0.11] | AM29: =IF(U29="","",_xlfn.CONCAT("[",U29,"]")) -> [0.01] | AN29: =IF(W29="","",_xlfn.CONCAT("[",W29,"]")) | AO29: =IF(Y29="","",_xlfn.CONCAT("[",Y29,"]")) | AP29: =IFERROR(IF(Z29<>"",_xlfn.XLOOKUP(Z29,[1]StuntDes!$B:$B,[1]StuntDes!$A:$A,""),""),"") | AQ29: =IFERROR(IF(AA29<>"",_xlfn.XLOOKUP(AA29,[1]StuntDes!$B:$B,[1]StuntDes!$A:$A,""),""),"")
A30: =C30*10+D30 -> 50502 | B30: 半兽人-星级2 | C30: 5050 | D30: 2 | E30: ="[["&C30+10000&",1]]" -> [[15050,1]] | G30: =_xlfn.TEXTJOIN("|",TRUE,AH30:AJ30) -> 10066|10031 | H30: =IF(R30="","",_xlfn.CONCAT("[",_xlfn.TEXTJOIN(",",TRUE,AL30:AO30),"]")) -> [[0.11],[0.03]] | I30: =_xlfn.TEXTJOIN("|",TRUE,AP30:AQ30) | J30: =IF(AB30="","",_xlfn.CONCAT("[",_xlfn.TEXTJOIN(",",TRUE,AE30:AG30),"]")) | K30: =_xlfn.XLOOKUP(C30,Pet!A:A,Pet!E:E) -> R-攻击 | R30: 攻击伤害提高 | S30: 0.11 | T30: 攻击速度提高 | U30: 0.03 | AB30: =IFERROR(IF(L30<>"",_xlfn.XLOOKUP(L30,[1]AttributeName!$C:$C,[1]AttributeName!$B:$B,""),""),"") | AC30: =IFERROR(IF(N30<>"",_xlfn.XLOOKUP(N30,[1]AttributeName!$C:$C,[1]AttributeName!$B:$B,""),""),"") | AD30: =IFERROR(IF(P30<>"",_xlfn.XLOOKUP(P30,[1]AttributeName!$C:$C,[1]AttributeName!$B:$B,""),""),"") | AE30: =IF(AB30="","",_xlfn.CONCAT("[",AB30,",",M30,"]")) | AF30: =IF(AC30="","",_xlfn.CONCAT("[",AC30,",",O30,"]")) | AG30: =IF(AD30="","",_xlfn.CONCAT("[",AD30,",",Q30,"]")) | AH30: =IFERROR(IF(R30<>"",_xlfn.XLOOKUP(R30,[1]ModifierDes!$B:$B,[1]ModifierDes!$A:$A,""),""),"") -> 10066 | AI30: =IFERROR(IF(T30<>"",_xlfn.XLOOKUP(T30,[1]ModifierDes!$B:$B,[1]ModifierDes!$A:$A,""),""),"") -> 10031 | AJ30: =IFERROR(IF(V30<>"",_xlfn.XLOOKUP(V30,[1]ModifierDes!$B:$B,[1]ModifierDes!$A:$A,""),""),"") | AK30: =IFERROR(IF(X30<>"",_xlfn.XLOOKUP(X30,[1]ModifierDes!$B:$B,[1]ModifierDes!$A:$A,""),""),"") | AL30: =IF(S30="","",_xlfn.CONCAT("[",S30,"]")) -> [0.11] | AM30: =IF(U30="","",_xlfn.CONCAT("[",U30,"]")) -> [0.03] | AN30: =IF(W30="","",_xlfn.CONCAT("[",W30,"]")) | AO30: =IF(Y30="","",_xlfn.CONCAT("[",Y30,"]")) | AP30: =IFERROR(IF(Z30<>"",_xlfn.XLOOKUP(Z30,[1]StuntDes!$B:$B,[1]StuntDes!$A:$A,""),""),"") | AQ30: =IFERROR(IF(AA30<>"",_xlfn.XLOOKUP(AA30,[1]StuntDes!$B:$B,[1]StuntDes!$A:$A,""),""),"")
A31: =C31*10+D31 -> 50503 | B31: 半兽人-星级3 | C31: 5050 | D31: 3 | E31: ="[["&C31+10000&",1]]" -> [[15050,1]] | G31: =_xlfn.TEXTJOIN("|",TRUE,AH31:AJ31) -> 10066|10031 | H31: =IF(R31="","",_xlfn.CONCAT("[",_xlfn.TEXTJOIN(",",TRUE,AL31:AO31),"]")) -> [[0.11],[0.03]] | I31: =_xlfn.TEXTJOIN("|",TRUE,AP31:AQ31) | J31: =IF(AB31="","",_xlfn.CONCAT("[",_xlfn.TEXTJOIN(",",TRUE,AE31:AG31),"]")) -> [[10300,0.07]] | K31: =_xlfn.XLOOKUP(C31,Pet!A:A,Pet!E:E) -> R-攻击 | L31: 全局伤害提高 | M31: 0.07 | R31: 攻击伤害提高 | S31: 0.11 | T31: 攻击速度提高 | U31: 0.03 | AB31: =IFERROR(IF(L31<>"",_xlfn.XLOOKUP(L31,[1]AttributeName!$C:$C,[1]AttributeName!$B:$B,""),""),"") -> 10300 | AC31: =IFERROR(IF(N31<>"",_xlfn.XLOOKUP(N31,[1]AttributeName!$C:$C,[1]AttributeName!$B:$B,""),""),"") | AD31: =IFERROR(IF(P31<>"",_xlfn.XLOOKUP(P31,[1]AttributeName!$C:$C,[1]AttributeName!$B:$B,""),""),"") | AE31: =IF(AB31="","",_xlfn.CONCAT("[",AB31,",",M31,"]")) -> [10300,0.07] | AF31: =IF(AC31="","",_xlfn.CONCAT("[",AC31,",",O31,"]")) | AG31: =IF(AD31="","",_xlfn.CONCAT("[",AD31,",",Q31,"]")) | AH31: =IFERROR(IF(R31<>"",_xlfn.XLOOKUP(R31,[1]ModifierDes!$B:$B,[1]ModifierDes!$A:$A,""),""),"") -> 10066 | AI31: =IFERROR(IF(T31<>"",_xlfn.XLOOKUP(T31,[1]ModifierDes!$B:$B,[1]ModifierDes!$A:$A,""),""),"") -> 10031 | AJ31: =IFERROR(IF(V31<>"",_xlfn.XLOOKUP(V31,[1]ModifierDes!$B:$B,[1]ModifierDes!$A:$A,""),""),"") | AK31: =IFERROR(IF(X31<>"",_xlfn.XLOOKUP(X31,[1]ModifierDes!$B:$B,[1]ModifierDes!$A:$A,""),""),"") | AL31: =IF(S31="","",_xlfn.CONCAT("[",S31,"]")) -> [0.11] | AM31: =IF(U31="","",_xlfn.CONCAT("[",U31,"]")) -> [0.03] | AN31: =IF(W31="","",_xlfn.CONCAT("[",W31,"]")) | AO31: =IF(Y31="","",_xlfn.CONCAT("[",Y31,"]")) | AP31: =IFERROR(IF(Z31<>"",_xlfn.XLOOKUP(Z31,[1]StuntDes!$B:$B,[1]StuntDes!$A:$A,""),""),"") | AQ31: =IFERROR(IF(AA31<>"",_xlfn.XLOOKUP(AA31,[1]StuntDes!$B:$B,[1]StuntDes!$A:$A,""),""),"")
A32: =C32*10+D32 -> 50504 | B32: 半兽人-星级4 | C32: 5050 | D32: 4 | E32: ="[["&C32+10000&",1]]" -> [[15050,1]] | G32: =_xlfn.TEXTJOIN("|",TRUE,AH32:AJ32) -> 10066|10031 | H32: =IF(R32="","",_xlfn.CONCAT("[",_xlfn.TEXTJOIN(",",TRUE,AL32:AO32),"]")) -> [[0.2],[0.03]] | I32: =_xlfn.TEXTJOIN("|",TRUE,AP32:AQ32) | J32: =IF(AB32="","",_xlfn.CONCAT("[",_xlfn.TEXTJOIN(",",TRUE,AE32:AG32),"]")) -> [[10300,0.07]] | K32: =_xlfn.XLOOKUP(C32,Pet!A:A,Pet!E:E) -> R-攻击 | L32: 全局伤害提高 | M32: 0.07 | R32: 攻击伤害提高 | S32: 0.2 | T32: 攻击速度提高 | U32: 0.03 | AB32: =IFERROR(IF(L32<>"",_xlfn.XLOOKUP(L32,[1]AttributeName!$C:$C,[1]AttributeName!$B:$B,""),""),"") -> 10300 | AC32: =IFERROR(IF(N32<>"",_xlfn.XLOOKUP(N32,[1]AttributeName!$C:$C,[1]AttributeName!$B:$B,""),""),"") | AD32: =IFERROR(IF(P32<>"",_xlfn.XLOOKUP(P32,[1]AttributeName!$C:$C,[1]AttributeName!$B:$B,""),""),"") | AE32: =IF(AB32="","",_xlfn.CONCAT("[",AB32,",",M32,"]")) -> [10300,0.07] | AF32: =IF(AC32="","",_xlfn.CONCAT("[",AC32,",",O32,"]")) | AG32: =IF(AD32="","",_xlfn.CONCAT("[",AD32,",",Q32,"]")) | AH32: =IFERROR(IF(R32<>"",_xlfn.XLOOKUP(R32,[1]ModifierDes!$B:$B,[1]ModifierDes!$A:$A,""),""),"") -> 10066 | AI32: =IFERROR(IF(T32<>"",_xlfn.XLOOKUP(T32,[1]ModifierDes!$B:$B,[1]ModifierDes!$A:$A,""),""),"") -> 10031 | AJ32: =IFERROR(IF(V32<>"",_xlfn.XLOOKUP(V32,[1]ModifierDes!$B:$B,[1]ModifierDes!$A:$A,""),""),"") | AK32: =IFERROR(IF(X32<>"",_xlfn.XLOOKUP(X32,[1]ModifierDes!$B:$B,[1]ModifierDes!$A:$A,""),""),"") | AL32: =IF(S32="","",_xlfn.CONCAT("[",S32,"]")) -> [0.2] | AM32: =IF(U32="","",_xlfn.CONCAT("[",U32,"]")) -> [0.03] | AN32: =IF(W32="","",_xlfn.CONCAT("[",W32,"]")) | AO32: =IF(Y32="","",_xlfn.CONCAT("[",Y32,"]")) | AP32: =IFERROR(IF(Z32<>"",_xlfn.XLOOKUP(Z32,[1]StuntDes!$B:$B,[1]StuntDes!$A:$A,""),""),"") | AQ32: =IFERROR(IF(AA32<>"",_xlfn.XLOOKUP(AA32,[1]StuntDes!$B:$B,[1]StuntDes!$A:$A,""),""),"")
A33: =C33*10+D33 -> 50505 | B33: 半兽人-星级5 | C33: 5050 | D33: 5 | G33: =_xlfn.TEXTJOIN("|",TRUE,AH33:AJ33) -> 10066|10031 | H33: =IF(R33="","",_xlfn.CONCAT("[",_xlfn.TEXTJOIN(",",TRUE,AL33:AO33),"]")) -> [[0.2],[0.06]] | I33: =_xlfn.TEXTJOIN("|",TRUE,AP33:AQ33) | J33: =IF(AB33="","",_xlfn.CONCAT("[",_xlfn.TEXTJOIN(",",TRUE,AE33:AG33),"]")) -> [[10300,0.07]] | K33: =_xlfn.XLOOKUP(C33,Pet!A:A,Pet!E:E) -> R-攻击 | L33: 全局伤害提高 | M33: 0.07 | R33: 攻击伤害提高 | S33: 0.2 | T33: 攻击速度提高 | U33: 0.06 | AB33: =IFERROR(IF(L33<>"",_xlfn.XLOOKUP(L33,[1]AttributeName!$C:$C,[1]AttributeName!$B:$B,""),""),"") -> 10300 | AC33: =IFERROR(IF(N33<>"",_xlfn.XLOOKUP(N33,[1]AttributeName!$C:$C,[1]AttributeName!$B:$B,""),""),"") | AD33: =IFERROR(IF(P33<>"",_xlfn.XLOOKUP(P33,[1]AttributeName!$C:$C,[1]AttributeName!$B:$B,""),""),"") | AE33: =IF(AB33="","",_xlfn.CONCAT("[",AB33,",",M33,"]")) -> [10300,0.07] | AF33: =IF(AC33="","",_xlfn.CONCAT("[",AC33,",",O33,"]")) | AG33: =IF(AD33="","",_xlfn.CONCAT("[",AD33,",",Q33,"]")) | AH33: =IFERROR(IF(R33<>"",_xlfn.XLOOKUP(R33,[1]ModifierDes!$B:$B,[1]ModifierDes!$A:$A,""),""),"") -> 10066 | AI33: =IFERROR(IF(T33<>"",_xlfn.XLOOKUP(T33,[1]ModifierDes!$B:$B,[1]ModifierDes!$A:$A,""),""),"") -> 10031 | AJ33: =IFERROR(IF(V33<>"",_xlfn.XLOOKUP(V33,[1]ModifierDes!$B:$B,[1]ModifierDes!$A:$A,""),""),"") | AK33: =IFERROR(IF(X33<>"",_xlfn.XLOOKUP(X33,[1]ModifierDes!$B:$B,[1]ModifierDes!$A:$A,""),""),"") | AL33: =IF(S33="","",_xlfn.CONCAT("[",S33,"]")) -> [0.2] | AM33: =IF(U33="","",_xlfn.CONCAT("[",U33,"]")) -> [0.06] | AN33: =IF(W33="","",_xlfn.CONCAT("[",W33,"]")) | AO33: =IF(Y33="","",_xlfn.CONCAT("[",Y33,"]")) | AP33: =IFERROR(IF(Z33<>"",_xlfn.XLOOKUP(Z33,[1]StuntDes!$B:$B,[1]StuntDes!$A:$A,""),""),"") | AQ33: =IFERROR(IF(AA33<>"",_xlfn.XLOOKUP(AA33,[1]StuntDes!$B:$B,[1]StuntDes!$A:$A,""),""),"")
A34: =C34*10+D34 -> 50100 | B34: 树精-星级0 | C34: 5010 | D34: 0 | E34: ="[["&C34+10000&",1]]" -> [[15010,1]] | G34: =_xlfn.TEXTJOIN("|",TRUE,AH34:AJ34) -> 10063|10080 | H34: =IF(R34="","",_xlfn.CONCAT("[",_xlfn.TEXTJOIN(",",TRUE,AL34:AO34),"]")) -> [[0.07],[0.02]] | I34: =_xlfn.TEXTJOIN("|",TRUE,AP34:AQ34) | J34: =IF(AB34="","",_xlfn.CONCAT("[",_xlfn.TEXTJOIN(",",TRUE,AE34:AG34),"]")) | K34: =_xlfn.XLOOKUP(C34,Pet!A:A,Pet!E:E) -> R-近战 | R34: 近战伤害提高 | S34: 0.07 | T34: 近战技能范围效果提高 | U34: 0.02 | AB34: =IFERROR(IF(L34<>"",_xlfn.XLOOKUP(L34,[1]AttributeName!$C:$C,[1]AttributeName!$B:$B,""),""),"") | AC34: =IFERROR(IF(N34<>"",_xlfn.XLOOKUP(N34,[1]AttributeName!$C:$C,[1]AttributeName!$B:$B,""),""),"") | AD34: =IFERROR(IF(P34<>"",_xlfn.XLOOKUP(P34,[1]AttributeName!$C:$C,[1]AttributeName!$B:$B,""),""),"") | AE34: =IF(AB34="","",_xlfn.CONCAT("[",AB34,",",M34,"]")) | AF34: =IF(AC34="","",_xlfn.CONCAT("[",AC34,",",O34,"]")) | AG34: =IF(AD34="","",_xlfn.CONCAT("[",AD34,",",Q34,"]")) | AH34: =IFERROR(IF(R34<>"",_xlfn.XLOOKUP(R34,[1]ModifierDes!$B:$B,[1]ModifierDes!$A:$A,""),""),"") -> 10063 | AI34: =IFERROR(IF(T34<>"",_xlfn.XLOOKUP(T34,[1]ModifierDes!$B:$B,[1]ModifierDes!$A:$A,""),""),"") -> 10080 | AJ34: =IFERROR(IF(V34<>"",_xlfn.XLOOKUP(V34,[1]ModifierDes!$B:$B,[1]ModifierDes!$A:$A,""),""),"") | AK34: =IFERROR(IF(X34<>"",_xlfn.XLOOKUP(X34,[1]ModifierDes!$B:$B,[1]ModifierDes!$A:$A,""),""),"") | AL34: =IF(S34="","",_xlfn.CONCAT("[",S34,"]")) -> [0.07] | AM34: =IF(U34="","",_xlfn.CONCAT("[",U34,"]")) -> [0.02] | AN34: =IF(W34="","",_xlfn.CONCAT("[",W34,"]")) | AO34: =IF(Y34="","",_xlfn.CONCAT("[",Y34,"]")) | AP34: =IFERROR(IF(Z34<>"",_xlfn.XLOOKUP(Z34,[1]StuntDes!$B:$B,[1]StuntDes!$A:$A,""),""),"") | AQ34: =IFERROR(IF(AA34<>"",_xlfn.XLOOKUP(AA34,[1]StuntDes!$B:$B,[1]StuntDes!$A:$A,""),""),"")
A35: =C35*10+D35 -> 50101 | B35: 树精-星级1 | C35: 5010 | D35: 1 | E35: ="[["&C35+10000&",1]]" -> [[15010,1]] | G35: =_xlfn.TEXTJOIN("|",TRUE,AH35:AJ35) -> 10063|10080 | H35: =IF(R35="","",_xlfn.CONCAT("[",_xlfn.TEXTJOIN(",",TRUE,AL35:AO35),"]")) -> [[0.11],[0.02]] | I35: =_xlfn.TEXTJOIN("|",TRUE,AP35:AQ35) | J35: =IF(AB35="","",_xlfn.CONCAT("[",_xlfn.TEXTJOIN(",",TRUE,AE35:AG35),"]")) | K35: =_xlfn.XLOOKUP(C35,Pet!A:A,Pet!E:E) -> R-近战 | R35: 近战伤害提高 | S35: 0.11 | T35: 近战技能范围效果提高 | U35: 0.02 | AB35: =IFERROR(IF(L35<>"",_xlfn.XLOOKUP(L35,[1]AttributeName!$C:$C,[1]AttributeName!$B:$B,""),""),"") | AC35: =IFERROR(IF(N35<>"",_xlfn.XLOOKUP(N35,[1]AttributeName!$C:$C,[1]AttributeName!$B:$B,""),""),"") | AD35: =IFERROR(IF(P35<>"",_xlfn.XLOOKUP(P35,[1]AttributeName!$C:$C,[1]AttributeName!$B:$B,""),""),"") | AE35: =IF(AB35="","",_xlfn.CONCAT("[",AB35,",",M35,"]")) | AF35: =IF(AC35="","",_xlfn.CONCAT("[",AC35,",",O35,"]")) | AG35: =IF(AD35="","",_xlfn.CONCAT("[",AD35,",",Q35,"]")) | AH35: =IFERROR(IF(R35<>"",_xlfn.XLOOKUP(R35,[1]ModifierDes!$B:$B,[1]ModifierDes!$A:$A,""),""),"") -> 10063 | AI35: =IFERROR(IF(T35<>"",_xlfn.XLOOKUP(T35,[1]ModifierDes!$B:$B,[1]ModifierDes!$A:$A,""),""),"") -> 10080 | AJ35: =IFERROR(IF(V35<>"",_xlfn.XLOOKUP(V35,[1]ModifierDes!$B:$B,[1]ModifierDes!$A:$A,""),""),"") | AK35: =IFERROR(IF(X35<>"",_xlfn.XLOOKUP(X35,[1]ModifierDes!$B:$B,[1]ModifierDes!$A:$A,""),""),"") | AL35: =IF(S35="","",_xlfn.CONCAT("[",S35,"]")) -> [0.11] | AM35: =IF(U35="","",_xlfn.CONCAT("[",U35,"]")) -> [0.02] | AN35: =IF(W35="","",_xlfn.CONCAT("[",W35,"]")) | AO35: =IF(Y35="","",_xlfn.CONCAT("[",Y35,"]")) | AP35: =IFERROR(IF(Z35<>"",_xlfn.XLOOKUP(Z35,[1]StuntDes!$B:$B,[1]StuntDes!$A:$A,""),""),"") | AQ35: =IFERROR(IF(AA35<>"",_xlfn.XLOOKUP(AA35,[1]StuntDes!$B:$B,[1]StuntDes!$A:$A,""),""),"")
A36: =C36*10+D36 -> 50102 | B36: 树精-星级2 | C36: 5010 | D36: 2 | E36: ="[["&C36+10000&",1]]" -> [[15010,1]] | G36: =_xlfn.TEXTJOIN("|",TRUE,AH36:AJ36) -> 10063|10080 | H36: =IF(R36="","",_xlfn.CONCAT("[",_xlfn.TEXTJOIN(",",TRUE,AL36:AO36),"]")) -> [[0.11],[0.06]] | I36: =_xlfn.TEXTJOIN("|",TRUE,AP36:AQ36) | J36: =IF(AB36="","",_xlfn.CONCAT("[",_xlfn.TEXTJOIN(",",TRUE,AE36:AG36),"]")) | K36: =_xlfn.XLOOKUP(C36,Pet!A:A,Pet!E:E) -> R-近战 | R36: 近战伤害提高 | S36: 0.11 | T36: 近战技能范围效果提高 | U36: 0.06 | AB36: =IFERROR(IF(L36<>"",_xlfn.XLOOKUP(L36,[1]AttributeName!$C:$C,[1]AttributeName!$B:$B,""),""),"") | AC36: =IFERROR(IF(N36<>"",_xlfn.XLOOKUP(N36,[1]AttributeName!$C:$C,[1]AttributeName!$B:$B,""),""),"") | AD36: =IFERROR(IF(P36<>"",_xlfn.XLOOKUP(P36,[1]AttributeName!$C:$C,[1]AttributeName!$B:$B,""),""),"") | AE36: =IF(AB36="","",_xlfn.CONCAT("[",AB36,",",M36,"]")) | AF36: =IF(AC36="","",_xlfn.CONCAT("[",AC36,",",O36,"]")) | AG36: =IF(AD36="","",_xlfn.CONCAT("[",AD36,",",Q36,"]")) | AH36: =IFERROR(IF(R36<>"",_xlfn.XLOOKUP(R36,[1]ModifierDes!$B:$B,[1]ModifierDes!$A:$A,""),""),"") -> 10063 | AI36: =IFERROR(IF(T36<>"",_xlfn.XLOOKUP(T36,[1]ModifierDes!$B:$B,[1]ModifierDes!$A:$A,""),""),"") -> 10080 | AJ36: =IFERROR(IF(V36<>"",_xlfn.XLOOKUP(V36,[1]ModifierDes!$B:$B,[1]ModifierDes!$A:$A,""),""),"") | AK36: =IFERROR(IF(X36<>"",_xlfn.XLOOKUP(X36,[1]ModifierDes!$B:$B,[1]ModifierDes!$A:$A,""),""),"") | AL36: =IF(S36="","",_xlfn.CONCAT("[",S36,"]")) -> [0.11] | AM36: =IF(U36="","",_xlfn.CONCAT("[",U36,"]")) -> [0.06] | AN36: =IF(W36="","",_xlfn.CONCAT("[",W36,"]")) | AO36: =IF(Y36="","",_xlfn.CONCAT("[",Y36,"]")) | AP36: =IFERROR(IF(Z36<>"",_xlfn.XLOOKUP(Z36,[1]StuntDes!$B:$B,[1]StuntDes!$A:$A,""),""),"") | AQ36: =IFERROR(IF(AA36<>"",_xlfn.XLOOKUP(AA36,[1]StuntDes!$B:$B,[1]StuntDes!$A:$A,""),""),"")
A37: =C37*10+D37 -> 50103 | B37: 树精-星级3 | C37: 5010 | D37: 3 | E37: ="[["&C37+10000&",1]]" -> [[15010,1]] | G37: =_xlfn.TEXTJOIN("|",TRUE,AH37:AJ37) -> 10063|10080 | H37: =IF(R37="","",_xlfn.CONCAT("[",_xlfn.TEXTJOIN(",",TRUE,AL37:AO37),"]")) -> [[0.11],[0.06]] | I37: =_xlfn.TEXTJOIN("|",TRUE,AP37:AQ37) | J37: =IF(AB37="","",_xlfn.CONCAT("[",_xlfn.TEXTJOIN(",",TRUE,AE37:AG37),"]")) -> [[10300,0.07]] | K37: =_xlfn.XLOOKUP(C37,Pet!A:A,Pet!E:E) -> R-近战 | L37: 全局伤害提高 | M37: 0.07 | R37: 近战伤害提高 | S37: 0.11 | T37: 近战技能范围效果提高 | U37: 0.06 | AB37: =IFERROR(IF(L37<>"",_xlfn.XLOOKUP(L37,[1]AttributeName!$C:$C,[1]AttributeName!$B:$B,""),""),"") -> 10300 | AC37: =IFERROR(IF(N37<>"",_xlfn.XLOOKUP(N37,[1]AttributeName!$C:$C,[1]AttributeName!$B:$B,""),""),"") | AD37: =IFERROR(IF(P37<>"",_xlfn.XLOOKUP(P37,[1]AttributeName!$C:$C,[1]AttributeName!$B:$B,""),""),"") | AE37: =IF(AB37="","",_xlfn.CONCAT("[",AB37,",",M37,"]")) -> [10300,0.07] | AF37: =IF(AC37="","",_xlfn.CONCAT("[",AC37,",",O37,"]")) | AG37: =IF(AD37="","",_xlfn.CONCAT("[",AD37,",",Q37,"]")) | AH37: =IFERROR(IF(R37<>"",_xlfn.XLOOKUP(R37,[1]ModifierDes!$B:$B,[1]ModifierDes!$A:$A,""),""),"") -> 10063 | AI37: =IFERROR(IF(T37<>"",_xlfn.XLOOKUP(T37,[1]ModifierDes!$B:$B,[1]ModifierDes!$A:$A,""),""),"") -> 10080 | AJ37: =IFERROR(IF(V37<>"",_xlfn.XLOOKUP(V37,[1]ModifierDes!$B:$B,[1]ModifierDes!$A:$A,""),""),"") | AK37: =IFERROR(IF(X37<>"",_xlfn.XLOOKUP(X37,[1]ModifierDes!$B:$B,[1]ModifierDes!$A:$A,""),""),"") | AL37: =IF(S37="","",_xlfn.CONCAT("[",S37,"]")) -> [0.11] | AM37: =IF(U37="","",_xlfn.CONCAT("[",U37,"]")) -> [0.06] | AN37: =IF(W37="","",_xlfn.CONCAT("[",W37,"]")) | AO37: =IF(Y37="","",_xlfn.CONCAT("[",Y37,"]")) | AP37: =IFERROR(IF(Z37<>"",_xlfn.XLOOKUP(Z37,[1]StuntDes!$B:$B,[1]StuntDes!$A:$A,""),""),"") | AQ37: =IFERROR(IF(AA37<>"",_xlfn.XLOOKUP(AA37,[1]StuntDes!$B:$B,[1]StuntDes!$A:$A,""),""),"")
A38: =C38*10+D38 -> 50104 | B38: 树精-星级4 | C38: 5010 | D38: 4 | E38: ="[["&C38+10000&",1]]" -> [[15010,1]] | G38: =_xlfn.TEXTJOIN("|",TRUE,AH38:AJ38) -> 10063|10080 | H38: =IF(R38="","",_xlfn.CONCAT("[",_xlfn.TEXTJOIN(",",TRUE,AL38:AO38),"]")) -> [[0.2],[0.06]] | I38: =_xlfn.TEXTJOIN("|",TRUE,AP38:AQ38) | J38: =IF(AB38="","",_xlfn.CONCAT("[",_xlfn.TEXTJOIN(",",TRUE,AE38:AG38),"]")) -> [[10300,0.07]] | K38: =_xlfn.XLOOKUP(C38,Pet!A:A,Pet!E:E) -> R-近战 | L38: 全局伤害提高 | M38: 0.07 | R38: 近战伤害提高 | S38: 0.2 | T38: 近战技能范围效果提高 | U38: 0.06 | AB38: =IFERROR(IF(L38<>"",_xlfn.XLOOKUP(L38,[1]AttributeName!$C:$C,[1]AttributeName!$B:$B,""),""),"") -> 10300 | AC38: =IFERROR(IF(N38<>"",_xlfn.XLOOKUP(N38,[1]AttributeName!$C:$C,[1]AttributeName!$B:$B,""),""),"") | AD38: =IFERROR(IF(P38<>"",_xlfn.XLOOKUP(P38,[1]AttributeName!$C:$C,[1]AttributeName!$B:$B,""),""),"") | AE38: =IF(AB38="","",_xlfn.CONCAT("[",AB38,",",M38,"]")) -> [10300,0.07] | AF38: =IF(AC38="","",_xlfn.CONCAT("[",AC38,",",O38,"]")) | AG38: =IF(AD38="","",_xlfn.CONCAT("[",AD38,",",Q38,"]")) | AH38: =IFERROR(IF(R38<>"",_xlfn.XLOOKUP(R38,[1]ModifierDes!$B:$B,[1]ModifierDes!$A:$A,""),""),"") -> 10063 | AI38: =IFERROR(IF(T38<>"",_xlfn.XLOOKUP(T38,[1]ModifierDes!$B:$B,[1]ModifierDes!$A:$A,""),""),"") -> 10080 | AJ38: =IFERROR(IF(V38<>"",_xlfn.XLOOKUP(V38,[1]ModifierDes!$B:$B,[1]ModifierDes!$A:$A,""),""),"") | AK38: =IFERROR(IF(X38<>"",_xlfn.XLOOKUP(X38,[1]ModifierDes!$B:$B,[1]ModifierDes!$A:$A,""),""),"") | AL38: =IF(S38="","",_xlfn.CONCAT("[",S38,"]")) -> [0.2] | AM38: =IF(U38="","",_xlfn.CONCAT("[",U38,"]")) -> [0.06] | AN38: =IF(W38="","",_xlfn.CONCAT("[",W38,"]")) | AO38: =IF(Y38="","",_xlfn.CONCAT("[",Y38,"]")) | AP38: =IFERROR(IF(Z38<>"",_xlfn.XLOOKUP(Z38,[1]StuntDes!$B:$B,[1]StuntDes!$A:$A,""),""),"") | AQ38: =IFERROR(IF(AA38<>"",_xlfn.XLOOKUP(AA38,[1]StuntDes!$B:$B,[1]StuntDes!$A:$A,""),""),"")
A39: =C39*10+D39 -> 50105 | B39: 树精-星级5 | C39: 5010 | D39: 5 | G39: =_xlfn.TEXTJOIN("|",TRUE,AH39:AJ39) -> 10063|10080 | H39: =IF(R39="","",_xlfn.CONCAT("[",_xlfn.TEXTJOIN(",",TRUE,AL39:AO39),"]")) -> [[0.2],[0.12]] | I39: =_xlfn.TEXTJOIN("|",TRUE,AP39:AQ39) | J39: =IF(AB39="","",_xlfn.CONCAT("[",_xlfn.TEXTJOIN(",",TRUE,AE39:AG39),"]")) -> [[10300,0.07]] | K39: =_xlfn.XLOOKUP(C39,Pet!A:A,Pet!E:E) -> R-近战 | L39: 全局伤害提高 | M39: 0.07 | R39: 近战伤害提高 | S39: 0.2 | T39: 近战技能范围效果提高 | U39: 0.12 | AB39: =IFERROR(IF(L39<>"",_xlfn.XLOOKUP(L39,[1]AttributeName!$C:$C,[1]AttributeName!$B:$B,""),""),"") -> 10300 | AC39: =IFERROR(IF(N39<>"",_xlfn.XLOOKUP(N39,[1]AttributeName!$C:$C,[1]AttributeName!$B:$B,""),""),"") | AD39: =IFERROR(IF(P39<>"",_xlfn.XLOOKUP(P39,[1]AttributeName!$C:$C,[1]AttributeName!$B:$B,""),""),"") | AE39: =IF(AB39="","",_xlfn.CONCAT("[",AB39,",",M39,"]")) -> [10300,0.07] | AF39: =IF(AC39="","",_xlfn.CONCAT("[",AC39,",",O39,"]")) | AG39: =IF(AD39="","",_xlfn.CONCAT("[",AD39,",",Q39,"]")) | AH39: =IFERROR(IF(R39<>"",_xlfn.XLOOKUP(R39,[1]ModifierDes!$B:$B,[1]ModifierDes!$A:$A,""),""),"") -> 10063 | AI39: =IFERROR(IF(T39<>"",_xlfn.XLOOKUP(T39,[1]ModifierDes!$B:$B,[1]ModifierDes!$A:$A,""),""),"") -> 10080 | AJ39: =IFERROR(IF(V39<>"",_xlfn.XLOOKUP(V39,[1]ModifierDes!$B:$B,[1]ModifierDes!$A:$A,""),""),"") | AK39: =IFERROR(IF(X39<>"",_xlfn.XLOOKUP(X39,[1]ModifierDes!$B:$B,[1]ModifierDes!$A:$A,""),""),"") | AL39: =IF(S39="","",_xlfn.CONCAT("[",S39,"]")) -> [0.2] | AM39: =IF(U39="","",_xlfn.CONCAT("[",U39,"]")) -> [0.12] | AN39: =IF(W39="","",_xlfn.CONCAT("[",W39,"]")) | AO39: =IF(Y39="","",_xlfn.CONCAT("[",Y39,"]")) | AP39: =IFERROR(IF(Z39<>"",_xlfn.XLOOKUP(Z39,[1]StuntDes!$B:$B,[1]StuntDes!$A:$A,""),""),"") | AQ39: =IFERROR(IF(AA39<>"",_xlfn.XLOOKUP(AA39,[1]StuntDes!$B:$B,[1]StuntDes!$A:$A,""),""),"")
A40: =C40*10+D40 -> 50200 | B40: 旅行鼠-星级0 | C40: 5020 | D40: 0 | E40: ="[["&C40+10000&",1]]" -> [[15020,1]] | G40: =_xlfn.TEXTJOIN("|",TRUE,AH40:AJ40) -> 10064|10049 | H40: =IF(R40="","",_xlfn.CONCAT("[",_xlfn.TEXTJOIN(",",TRUE,AL40:AO40),"]")) -> [[0.07],[0.02]] | I40: =_xlfn.TEXTJOIN("|",TRUE,AP40:AQ40) | J40: =IF(AB40="","",_xlfn.CONCAT("[",_xlfn.TEXTJOIN(",",TRUE,AE40:AG40),"]")) | K40: =_xlfn.XLOOKUP(C40,Pet!A:A,Pet!E:E) -> R-投射物 | R40: 投射物伤害提高 | S40: 0.07 | T40: 投射物速度提高 | U40: 0.02 | AB40: =IFERROR(IF(L40<>"",_xlfn.XLOOKUP(L40,[1]AttributeName!$C:$C,[1]AttributeName!$B:$B,""),""),"") | AC40: =IFERROR(IF(N40<>"",_xlfn.XLOOKUP(N40,[1]AttributeName!$C:$C,[1]AttributeName!$B:$B,""),""),"") | AD40: =IFERROR(IF(P40<>"",_xlfn.XLOOKUP(P40,[1]AttributeName!$C:$C,[1]AttributeName!$B:$B,""),""),"") | AE40: =IF(AB40="","",_xlfn.CONCAT("[",AB40,",",M40,"]")) | AF40: =IF(AC40="","",_xlfn.CONCAT("[",AC40,",",O40,"]")) | AG40: =IF(AD40="","",_xlfn.CONCAT("[",AD40,",",Q40,"]")) | AH40: =IFERROR(IF(R40<>"",_xlfn.XLOOKUP(R40,[1]ModifierDes!$B:$B,[1]ModifierDes!$A:$A,""),""),"") -> 10064 | AI40: =IFERROR(IF(T40<>"",_xlfn.XLOOKUP(T40,[1]ModifierDes!$B:$B,[1]ModifierDes!$A:$A,""),""),"") -> 10049 | AJ40: =IFERROR(IF(V40<>"",_xlfn.XLOOKUP(V40,[1]ModifierDes!$B:$B,[1]ModifierDes!$A:$A,""),""),"") | AK40: =IFERROR(IF(X40<>"",_xlfn.XLOOKUP(X40,[1]ModifierDes!$B:$B,[1]ModifierDes!$A:$A,""),""),"") | AL40: =IF(S40="","",_xlfn.CONCAT("[",S40,"]")) -> [0.07] | AM40: =IF(U40="","",_xlfn.CONCAT("[",U40,"]")) -> [0.02] | AN40: =IF(W40="","",_xlfn.CONCAT("[",W40,"]")) | AO40: =IF(Y40="","",_xlfn.CONCAT("[",Y40,"]")) | AP40: =IFERROR(IF(Z40<>"",_xlfn.XLOOKUP(Z40,[1]StuntDes!$B:$B,[1]StuntDes!$A:$A,""),""),"") | AQ40: =IFERROR(IF(AA40<>"",_xlfn.XLOOKUP(AA40,[1]StuntDes!$B:$B,[1]StuntDes!$A:$A,""),""),"")
A41: =C41*10+D41 -> 50201 | B41: 旅行鼠-星级1 | C41: 5020 | D41: 1 | E41: ="[["&C41+10000&",1]]" -> [[15020,1]] | G41: =_xlfn.TEXTJOIN("|",TRUE,AH41:AJ41) -> 10064|10049 | H41: =IF(R41="","",_xlfn.CONCAT("[",_xlfn.TEXTJOIN(",",TRUE,AL41:AO41),"]")) -> [[0.11],[0.02]] | I41: =_xlfn.TEXTJOIN("|",TRUE,AP41:AQ41) | J41: =IF(AB41="","",_xlfn.CONCAT("[",_xlfn.TEXTJOIN(",",TRUE,AE41:AG41),"]")) | K41: =_xlfn.XLOOKUP(C41,Pet!A:A,Pet!E:E) -> R-投射物 | R41: 投射物伤害提高 | S41: 0.11 | T41: 投射物速度提高 | U41: 0.02 | AB41: =IFERROR(IF(L41<>"",_xlfn.XLOOKUP(L41,[1]AttributeName!$C:$C,[1]AttributeName!$B:$B,""),""),"") | AC41: =IFERROR(IF(N41<>"",_xlfn.XLOOKUP(N41,[1]AttributeName!$C:$C,[1]AttributeName!$B:$B,""),""),"") | AD41: =IFERROR(IF(P41<>"",_xlfn.XLOOKUP(P41,[1]AttributeName!$C:$C,[1]AttributeName!$B:$B,""),""),"") | AE41: =IF(AB41="","",_xlfn.CONCAT("[",AB41,",",M41,"]")) | AF41: =IF(AC41="","",_xlfn.CONCAT("[",AC41,",",O41,"]")) | AG41: =IF(AD41="","",_xlfn.CONCAT("[",AD41,",",Q41,"]")) | AH41: =IFERROR(IF(R41<>"",_xlfn.XLOOKUP(R41,[1]ModifierDes!$B:$B,[1]ModifierDes!$A:$A,""),""),"") -> 10064 | AI41: =IFERROR(IF(T41<>"",_xlfn.XLOOKUP(T41,[1]ModifierDes!$B:$B,[1]ModifierDes!$A:$A,""),""),"") -> 10049 | AJ41: =IFERROR(IF(V41<>"",_xlfn.XLOOKUP(V41,[1]ModifierDes!$B:$B,[1]ModifierDes!$A:$A,""),""),"") | AK41: =IFERROR(IF(X41<>"",_xlfn.XLOOKUP(X41,[1]ModifierDes!$B:$B,[1]ModifierDes!$A:$A,""),""),"") | AL41: =IF(S41="","",_xlfn.CONCAT("[",S41,"]")) -> [0.11] | AM41: =IF(U41="","",_xlfn.CONCAT("[",U41,"]")) -> [0.02] | AN41: =IF(W41="","",_xlfn.CONCAT("[",W41,"]")) | AO41: =IF(Y41="","",_xlfn.CONCAT("[",Y41,"]")) | AP41: =IFERROR(IF(Z41<>"",_xlfn.XLOOKUP(Z41,[1]StuntDes!$B:$B,[1]StuntDes!$A:$A,""),""),"") | AQ41: =IFERROR(IF(AA41<>"",_xlfn.XLOOKUP(AA41,[1]StuntDes!$B:$B,[1]StuntDes!$A:$A,""),""),"")
A42: =C42*10+D42 -> 50202 | B42: 旅行鼠-星级2 | C42: 5020 | D42: 2 | E42: ="[["&C42+10000&",1]]" -> [[15020,1]] | G42: =_xlfn.TEXTJOIN("|",TRUE,AH42:AJ42) -> 10064|10049 | H42: =IF(R42="","",_xlfn.CONCAT("[",_xlfn.TEXTJOIN(",",TRUE,AL42:AO42),"]")) -> [[0.11],[0.06]] | I42: =_xlfn.TEXTJOIN("|",TRUE,AP42:AQ42) | J42: =IF(AB42="","",_xlfn.CONCAT("[",_xlfn.TEXTJOIN(",",TRUE,AE42:AG42),"]")) | K42: =_xlfn.XLOOKUP(C42,Pet!A:A,Pet!E:E) -> R-投射物 | R42: 投射物伤害提高 | S42: 0.11 | T42: 投射物速度提高 | U42: 0.06 | AB42: =IFERROR(IF(L42<>"",_xlfn.XLOOKUP(L42,[1]AttributeName!$C:$C,[1]AttributeName!$B:$B,""),""),"") | AC42: =IFERROR(IF(N42<>"",_xlfn.XLOOKUP(N42,[1]AttributeName!$C:$C,[1]AttributeName!$B:$B,""),""),"") | AD42: =IFERROR(IF(P42<>"",_xlfn.XLOOKUP(P42,[1]AttributeName!$C:$C,[1]AttributeName!$B:$B,""),""),"") | AE42: =IF(AB42="","",_xlfn.CONCAT("[",AB42,",",M42,"]")) | AF42: =IF(AC42="","",_xlfn.CONCAT("[",AC42,",",O42,"]")) | AG42: =IF(AD42="","",_xlfn.CONCAT("[",AD42,",",Q42,"]")) | AH42: =IFERROR(IF(R42<>"",_xlfn.XLOOKUP(R42,[1]ModifierDes!$B:$B,[1]ModifierDes!$A:$A,""),""),"") -> 10064 | AI42: =IFERROR(IF(T42<>"",_xlfn.XLOOKUP(T42,[1]ModifierDes!$B:$B,[1]ModifierDes!$A:$A,""),""),"") -> 10049 | AJ42: =IFERROR(IF(V42<>"",_xlfn.XLOOKUP(V42,[1]ModifierDes!$B:$B,[1]ModifierDes!$A:$A,""),""),"") | AK42: =IFERROR(IF(X42<>"",_xlfn.XLOOKUP(X42,[1]ModifierDes!$B:$B,[1]ModifierDes!$A:$A,""),""),"") | AL42: =IF(S42="","",_xlfn.CONCAT("[",S42,"]")) -> [0.11] | AM42: =IF(U42="","",_xlfn.CONCAT("[",U42,"]")) -> [0.06] | AN42: =IF(W42="","",_xlfn.CONCAT("[",W42,"]")) | AO42: =IF(Y42="","",_xlfn.CONCAT("[",Y42,"]")) | AP42: =IFERROR(IF(Z42<>"",_xlfn.XLOOKUP(Z42,[1]StuntDes!$B:$B,[1]StuntDes!$A:$A,""),""),"") | AQ42: =IFERROR(IF(AA42<>"",_xlfn.XLOOKUP(AA42,[1]StuntDes!$B:$B,[1]StuntDes!$A:$A,""),""),"")
A43: =C43*10+D43 -> 50203 | B43: 旅行鼠-星级3 | C43: 5020 | D43: 3 | E43: ="[["&C43+10000&",1]]" -> [[15020,1]] | G43: =_xlfn.TEXTJOIN("|",TRUE,AH43:AJ43) -> 10064|10049 | H43: =IF(R43="","",_xlfn.CONCAT("[",_xlfn.TEXTJOIN(",",TRUE,AL43:AO43),"]")) -> [[0.11],[0.06]] | I43: =_xlfn.TEXTJOIN("|",TRUE,AP43:AQ43) | J43: =IF(AB43="","",_xlfn.CONCAT("[",_xlfn.TEXTJOIN(",",TRUE,AE43:AG43),"]")) -> [[10300,0.07]] | K43: =_xlfn.XLOOKUP(C43,Pet!A:A,Pet!E:E) -> R-投射物 | L43: 全局伤害提高 | M43: 0.07 | R43: 投射物伤害提高 | S43: 0.11 | T43: 投射物速度提高 | U43: 0.06 | AB43: =IFERROR(IF(L43<>"",_xlfn.XLOOKUP(L43,[1]AttributeName!$C:$C,[1]AttributeName!$B:$B,""),""),"") -> 10300 | AC43: =IFERROR(IF(N43<>"",_xlfn.XLOOKUP(N43,[1]AttributeName!$C:$C,[1]AttributeName!$B:$B,""),""),"") | AD43: =IFERROR(IF(P43<>"",_xlfn.XLOOKUP(P43,[1]AttributeName!$C:$C,[1]AttributeName!$B:$B,""),""),"") | AE43: =IF(AB43="","",_xlfn.CONCAT("[",AB43,",",M43,"]")) -> [10300,0.07] | AF43: =IF(AC43="","",_xlfn.CONCAT("[",AC43,",",O43,"]")) | AG43: =IF(AD43="","",_xlfn.CONCAT("[",AD43,",",Q43,"]")) | AH43: =IFERROR(IF(R43<>"",_xlfn.XLOOKUP(R43,[1]ModifierDes!$B:$B,[1]ModifierDes!$A:$A,""),""),"") -> 10064 | AI43: =IFERROR(IF(T43<>"",_xlfn.XLOOKUP(T43,[1]ModifierDes!$B:$B,[1]ModifierDes!$A:$A,""),""),"") -> 10049 | AJ43: =IFERROR(IF(V43<>"",_xlfn.XLOOKUP(V43,[1]ModifierDes!$B:$B,[1]ModifierDes!$A:$A,""),""),"") | AK43: =IFERROR(IF(X43<>"",_xlfn.XLOOKUP(X43,[1]ModifierDes!$B:$B,[1]ModifierDes!$A:$A,""),""),"") | AL43: =IF(S43="","",_xlfn.CONCAT("[",S43,"]")) -> [0.11] | AM43: =IF(U43="","",_xlfn.CONCAT("[",U43,"]")) -> [0.06] | AN43: =IF(W43="","",_xlfn.CONCAT("[",W43,"]")) | AO43: =IF(Y43="","",_xlfn.CONCAT("[",Y43,"]")) | AP43: =IFERROR(IF(Z43<>"",_xlfn.XLOOKUP(Z43,[1]StuntDes!$B:$B,[1]StuntDes!$A:$A,""),""),"") | AQ43: =IFERROR(IF(AA43<>"",_xlfn.XLOOKUP(AA43,[1]StuntDes!$B:$B,[1]StuntDes!$A:$A,""),""),"")
A44: =C44*10+D44 -> 50204 | B44: 旅行鼠-星级4 | C44: 5020 | D44: 4 | E44: ="[["&C44+10000&",1]]" -> [[15020,1]] | G44: =_xlfn.TEXTJOIN("|",TRUE,AH44:AJ44) -> 10064|10049 | H44: =IF(R44="","",_xlfn.CONCAT("[",_xlfn.TEXTJOIN(",",TRUE,AL44:AO44),"]")) -> [[0.2],[0.06]] | I44: =_xlfn.TEXTJOIN("|",TRUE,AP44:AQ44) | J44: =IF(AB44="","",_xlfn.CONCAT("[",_xlfn.TEXTJOIN(",",TRUE,AE44:AG44),"]")) -> [[10300,0.07]] | K44: =_xlfn.XLOOKUP(C44,Pet!A:A,Pet!E:E) -> R-投射物 | L44: 全局伤害提高 | M44: 0.07 | R44: 投射物伤害提高 | S44: 0.2 | T44: 投射物速度提高 | U44: 0.06 | AB44: =IFERROR(IF(L44<>"",_xlfn.XLOOKUP(L44,[1]AttributeName!$C:$C,[1]AttributeName!$B:$B,""),""),"") -> 10300 | AC44: =IFERROR(IF(N44<>"",_xlfn.XLOOKUP(N44,[1]AttributeName!$C:$C,[1]AttributeName!$B:$B,""),""),"") | AD44: =IFERROR(IF(P44<>"",_xlfn.XLOOKUP(P44,[1]AttributeName!$C:$C,[1]AttributeName!$B:$B,""),""),"") | AE44: =IF(AB44="","",_xlfn.CONCAT("[",AB44,",",M44,"]")) -> [10300,0.07] | AF44: =IF(AC44="","",_xlfn.CONCAT("[",AC44,",",O44,"]")) | AG44: =IF(AD44="","",_xlfn.CONCAT("[",AD44,",",Q44,"]")) | AH44: =IFERROR(IF(R44<>"",_xlfn.XLOOKUP(R44,[1]ModifierDes!$B:$B,[1]ModifierDes!$A:$A,""),""),"") -> 10064 | AI44: =IFERROR(IF(T44<>"",_xlfn.XLOOKUP(T44,[1]ModifierDes!$B:$B,[1]ModifierDes!$A:$A,""),""),"") -> 10049 | AJ44: =IFERROR(IF(V44<>"",_xlfn.XLOOKUP(V44,[1]ModifierDes!$B:$B,[1]ModifierDes!$A:$A,""),""),"") | AK44: =IFERROR(IF(X44<>"",_xlfn.XLOOKUP(X44,[1]ModifierDes!$B:$B,[1]ModifierDes!$A:$A,""),""),"") | AL44: =IF(S44="","",_xlfn.CONCAT("[",S44,"]")) -> [0.2] | AM44: =IF(U44="","",_xlfn.CONCAT("[",U44,"]")) -> [0.06] | AN44: =IF(W44="","",_xlfn.CONCAT("[",W44,"]")) | AO44: =IF(Y44="","",_xlfn.CONCAT("[",Y44,"]")) | AP44: =IFERROR(IF(Z44<>"",_xlfn.XLOOKUP(Z44,[1]StuntDes!$B:$B,[1]StuntDes!$A:$A,""),""),"") | AQ44: =IFERROR(IF(AA44<>"",_xlfn.XLOOKUP(AA44,[1]StuntDes!$B:$B,[1]StuntDes!$A:$A,""),""),"")
A45: =C45*10+D45 -> 50205 | B45: 旅行鼠-星级5 | C45: 5020 | D45: 5 | G45: =_xlfn.TEXTJOIN("|",TRUE,AH45:AJ45) -> 10064|10049 | H45: =IF(R45="","",_xlfn.CONCAT("[",_xlfn.TEXTJOIN(",",TRUE,AL45:AO45),"]")) -> [[0.2],[0.12]] | I45: =_xlfn.TEXTJOIN("|",TRUE,AP45:AQ45) | J45: =IF(AB45="","",_xlfn.CONCAT("[",_xlfn.TEXTJOIN(",",TRUE,AE45:AG45),"]")) -> [[10300,0.07]] | K45: =_xlfn.XLOOKUP(C45,Pet!A:A,Pet!E:E) -> R-投射物 | L45: 全局伤害提高 | M45: 0.07 | R45: 投射物伤害提高 | S45: 0.2 | T45: 投射物速度提高 | U45: 0.12 | AB45: =IFERROR(IF(L45<>"",_xlfn.XLOOKUP(L45,[1]AttributeName!$C:$C,[1]AttributeName!$B:$B,""),""),"") -> 10300 | AC45: =IFERROR(IF(N45<>"",_xlfn.XLOOKUP(N45,[1]AttributeName!$C:$C,[1]AttributeName!$B:$B,""),""),"") | AD45: =IFERROR(IF(P45<>"",_xlfn.XLOOKUP(P45,[1]AttributeName!$C:$C,[1]AttributeName!$B:$B,""),""),"") | AE45: =IF(AB45="","",_xlfn.CONCAT("[",AB45,",",M45,"]")) -> [10300,0.07] | AF45: =IF(AC45="","",_xlfn.CONCAT("[",AC45,",",O45,"]")) | AG45: =IF(AD45="","",_xlfn.CONCAT("[",AD45,",",Q45,"]")) | AH45: =IFERROR(IF(R45<>"",_xlfn.XLOOKUP(R45,[1]ModifierDes!$B:$B,[1]ModifierDes!$A:$A,""),""),"") -> 10064 | AI45: =IFERROR(IF(T45<>"",_xlfn.XLOOKUP(T45,[1]ModifierDes!$B:$B,[1]ModifierDes!$A:$A,""),""),"") -> 10049 | AJ45: =IFERROR(IF(V45<>"",_xlfn.XLOOKUP(V45,[1]ModifierDes!$B:$B,[1]ModifierDes!$A:$A,""),""),"") | AK45: =IFERROR(IF(X45<>"",_xlfn.XLOOKUP(X45,[1]ModifierDes!$B:$B,[1]ModifierDes!$A:$A,""),""),"") | AL45: =IF(S45="","",_xlfn.CONCAT("[",S45,"]")) -> [0.2] | AM45: =IF(U45="","",_xlfn.CONCAT("[",U45,"]")) -> [0.12] | AN45: =IF(W45="","",_xlfn.CONCAT("[",W45,"]")) | AO45: =IF(Y45="","",_xlfn.CONCAT("[",Y45,"]")) | AP45: =IFERROR(IF(Z45<>"",_xlfn.XLOOKUP(Z45,[1]StuntDes!$B:$B,[1]StuntDes!$A:$A,""),""),"") | AQ45: =IFERROR(IF(AA45<>"",_xlfn.XLOOKUP(AA45,[1]StuntDes!$B:$B,[1]StuntDes!$A:$A,""),""),"")
A46: =C46*10+D46 -> 50600 | B46: 幽魂-星级0 | C46: 5060 | D46: 0 | E46: ="[["&C46+10000&",1]]" -> [[15060,1]] | G46: =_xlfn.TEXTJOIN("|",TRUE,AH46:AJ46) | H46: =IF(R46="","",_xlfn.CONCAT("[",_xlfn.TEXTJOIN(",",TRUE,AL46:AO46),"]")) | I46: =_xlfn.TEXTJOIN("|",TRUE,AP46:AQ46) | J46: =IF(AB46="","",_xlfn.CONCAT("[",_xlfn.TEXTJOIN(",",TRUE,AE46:AG46),"]")) -> [[10307,0.08],[11039,0.04]] | K46: =_xlfn.XLOOKUP(C46,Pet!A:A,Pet!E:E) -> R-混沌 | L46: 混沌伤害提高 | M46: 0.08 | N46: 中毒效果比例 | O46: 0.04 | AB46: =IFERROR(IF(L46<>"",_xlfn.XLOOKUP(L46,[1]AttributeName!$C:$C,[1]AttributeName!$B:$B,""),""),"") -> 10307 | AC46: =IFERROR(IF(N46<>"",_xlfn.XLOOKUP(N46,[1]AttributeName!$C:$C,[1]AttributeName!$B:$B,""),""),"") -> 11039 | AD46: =IFERROR(IF(P46<>"",_xlfn.XLOOKUP(P46,[1]AttributeName!$C:$C,[1]AttributeName!$B:$B,""),""),"") | AE46: =IF(AB46="","",_xlfn.CONCAT("[",AB46,",",M46,"]")) -> [10307,0.08] | AF46: =IF(AC46="","",_xlfn.CONCAT("[",AC46,",",O46,"]")) -> [11039,0.04] | AG46: =IF(AD46="","",_xlfn.CONCAT("[",AD46,",",Q46,"]")) | AH46: =IFERROR(IF(R46<>"",_xlfn.XLOOKUP(R46,[1]ModifierDes!$B:$B,[1]ModifierDes!$A:$A,""),""),"") | AI46: =IFERROR(IF(T46<>"",_xlfn.XLOOKUP(T46,[1]ModifierDes!$B:$B,[1]ModifierDes!$A:$A,""),""),"") | AJ46: =IFERROR(IF(V46<>"",_xlfn.XLOOKUP(V46,[1]ModifierDes!$B:$B,[1]ModifierDes!$A:$A,""),""),"") | AK46: =IFERROR(IF(X46<>"",_xlfn.XLOOKUP(X46,[1]ModifierDes!$B:$B,[1]ModifierDes!$A:$A,""),""),"") | AL46: =IF(S46="","",_xlfn.CONCAT("[",S46,"]")) | AM46: =IF(U46="","",_xlfn.CONCAT("[",U46,"]")) | AN46: =IF(W46="","",_xlfn.CONCAT("[",W46,"]")) | AO46: =IF(Y46="","",_xlfn.CONCAT("[",Y46,"]")) | AP46: =IFERROR(IF(Z46<>"",_xlfn.XLOOKUP(Z46,[1]StuntDes!$B:$B,[1]StuntDes!$A:$A,""),""),"") | AQ46: =IFERROR(IF(AA46<>"",_xlfn.XLOOKUP(AA46,[1]StuntDes!$B:$B,[1]StuntDes!$A:$A,""),""),"")
A47: =C47*10+D47 -> 50601 | B47: 幽魂-星级1 | C47: 5060 | D47: 1 | E47: ="[["&C47+10000&",1]]" -> [[15060,1]] | G47: =_xlfn.TEXTJOIN("|",TRUE,AH47:AJ47) | H47: =IF(R47="","",_xlfn.CONCAT("[",_xlfn.TEXTJOIN(",",TRUE,AL47:AO47),"]")) | I47: =_xlfn.TEXTJOIN("|",TRUE,AP47:AQ47) | J47: =IF(AB47="","",_xlfn.CONCAT("[",_xlfn.TEXTJOIN(",",TRUE,AE47:AG47),"]")) -> [[10307,0.13],[11039,0.04]] | K47: =_xlfn.XLOOKUP(C47,Pet!A:A,Pet!E:E) -> R-混沌 | L47: 混沌伤害提高 | M47: 0.13 | N47: 中毒效果比例 | O47: 0.04 | AB47: =IFERROR(IF(L47<>"",_xlfn.XLOOKUP(L47,[1]AttributeName!$C:$C,[1]AttributeName!$B:$B,""),""),"") -> 10307 | AC47: =IFERROR(IF(N47<>"",_xlfn.XLOOKUP(N47,[1]AttributeName!$C:$C,[1]AttributeName!$B:$B,""),""),"") -> 11039 | AD47: =IFERROR(IF(P47<>"",_xlfn.XLOOKUP(P47,[1]AttributeName!$C:$C,[1]AttributeName!$B:$B,""),""),"") | AE47: =IF(AB47="","",_xlfn.CONCAT("[",AB47,",",M47,"]")) -> [10307,0.13] | AF47: =IF(AC47="","",_xlfn.CONCAT("[",AC47,",",O47,"]")) -> [11039,0.04] | AG47: =IF(AD47="","",_xlfn.CONCAT("[",AD47,",",Q47,"]")) | AH47: =IFERROR(IF(R47<>"",_xlfn.XLOOKUP(R47,[1]ModifierDes!$B:$B,[1]ModifierDes!$A:$A,""),""),"") | AI47: =IFERROR(IF(T47<>"",_xlfn.XLOOKUP(T47,[1]ModifierDes!$B:$B,[1]ModifierDes!$A:$A,""),""),"") | AJ47: =IFERROR(IF(V47<>"",_xlfn.XLOOKUP(V47,[1]ModifierDes!$B:$B,[1]ModifierDes!$A:$A,""),""),"") | AK47: =IFERROR(IF(X47<>"",_xlfn.XLOOKUP(X47,[1]ModifierDes!$B:$B,[1]ModifierDes!$A:$A,""),""),"") | AL47: =IF(S47="","",_xlfn.CONCAT("[",S47,"]")) | AM47: =IF(U47="","",_xlfn.CONCAT("[",U47,"]")) | AN47: =IF(W47="","",_xlfn.CONCAT("[",W47,"]")) | AO47: =IF(Y47="","",_xlfn.CONCAT("[",Y47,"]")) | AP47: =IFERROR(IF(Z47<>"",_xlfn.XLOOKUP(Z47,[1]StuntDes!$B:$B,[1]StuntDes!$A:$A,""),""),"") | AQ47: =IFERROR(IF(AA47<>"",_xlfn.XLOOKUP(AA47,[1]StuntDes!$B:$B,[1]StuntDes!$A:$A,""),""),"")
A48: =C48*10+D48 -> 50602 | B48: 幽魂-星级2 | C48: 5060 | D48: 2 | E48: ="[["&C48+10000&",1]]" -> [[15060,1]] | G48: =_xlfn.TEXTJOIN("|",TRUE,AH48:AJ48) | H48: =IF(R48="","",_xlfn.CONCAT("[",_xlfn.TEXTJOIN(",",TRUE,AL48:AO48),"]")) | I48: =_xlfn.TEXTJOIN("|",TRUE,AP48:AQ48) | J48: =IF(AB48="","",_xlfn.CONCAT("[",_xlfn.TEXTJOIN(",",TRUE,AE48:AG48),"]")) -> [[10307,0.13],[11039,0.14]] | K48: =_xlfn.XLOOKUP(C48,Pet!A:A,Pet!E:E) -> R-混沌 | L48: 混沌伤害提高 | M48: 0.13 | N48: 中毒效果比例 | O48: 0.14 | AB48: =IFERROR(IF(L48<>"",_xlfn.XLOOKUP(L48,[1]AttributeName!$C:$C,[1]AttributeName!$B:$B,""),""),"") -> 10307 | AC48: =IFERROR(IF(N48<>"",_xlfn.XLOOKUP(N48,[1]AttributeName!$C:$C,[1]AttributeName!$B:$B,""),""),"") -> 11039 | AD48: =IFERROR(IF(P48<>"",_xlfn.XLOOKUP(P48,[1]AttributeName!$C:$C,[1]AttributeName!$B:$B,""),""),"") | AE48: =IF(AB48="","",_xlfn.CONCAT("[",AB48,",",M48,"]")) -> [10307,0.13] | AF48: =IF(AC48="","",_xlfn.CONCAT("[",AC48,",",O48,"]")) -> [11039,0.14] | AG48: =IF(AD48="","",_xlfn.CONCAT("[",AD48,",",Q48,"]")) | AH48: =IFERROR(IF(R48<>"",_xlfn.XLOOKUP(R48,[1]ModifierDes!$B:$B,[1]ModifierDes!$A:$A,""),""),"") | AI48: =IFERROR(IF(T48<>"",_xlfn.XLOOKUP(T48,[1]ModifierDes!$B:$B,[1]ModifierDes!$A:$A,""),""),"") | AJ48: =IFERROR(IF(V48<>"",_xlfn.XLOOKUP(V48,[1]ModifierDes!$B:$B,[1]ModifierDes!$A:$A,""),""),"") | AK48: =IFERROR(IF(X48<>"",_xlfn.XLOOKUP(X48,[1]ModifierDes!$B:$B,[1]ModifierDes!$A:$A,""),""),"") | AL48: =IF(S48="","",_xlfn.CONCAT("[",S48,"]")) | AM48: =IF(U48="","",_xlfn.CONCAT("[",U48,"]")) | AN48: =IF(W48="","",_xlfn.CONCAT("[",W48,"]")) | AO48: =IF(Y48="","",_xlfn.CONCAT("[",Y48,"]")) | AP48: =IFERROR(IF(Z48<>"",_xlfn.XLOOKUP(Z48,[1]StuntDes!$B:$B,[1]StuntDes!$A:$A,""),""),"") | AQ48: =IFERROR(IF(AA48<>"",_xlfn.XLOOKUP(AA48,[1]StuntDes!$B:$B,[1]StuntDes!$A:$A,""),""),"")
A49: =C49*10+D49 -> 50603 | B49: 幽魂-星级3 | C49: 5060 | D49: 3 | E49: ="[["&C49+10000&",1]]" -> [[15060,1]] | G49: =_xlfn.TEXTJOIN("|",TRUE,AH49:AJ49) | H49: =IF(R49="","",_xlfn.CONCAT("[",_xlfn.TEXTJOIN(",",TRUE,AL49:AO49),"]")) | I49: =_xlfn.TEXTJOIN("|",TRUE,AP49:AQ49) | J49: =IF(AB49="","",_xlfn.CONCAT("[",_xlfn.TEXTJOIN(",",TRUE,AE49:AG49),"]")) -> [[10307,0.13],[11039,0.14],[10300,0.1]] | K49: =_xlfn.XLOOKUP(C49,Pet!A:A,Pet!E:E) -> R-混沌 | L49: 混沌伤害提高 | M49: 0.13 | N49: 中毒效果比例 | O49: 0.14 | P49: 全局伤害提高 | Q49: 0.1 | AB49: =IFERROR(IF(L49<>"",_xlfn.XLOOKUP(L49,[1]AttributeName!$C:$C,[1]AttributeName!$B:$B,""),""),"") -> 10307 | AC49: =IFERROR(IF(N49<>"",_xlfn.XLOOKUP(N49,[1]AttributeName!$C:$C,[1]AttributeName!$B:$B,""),""),"") -> 11039 | AD49: =IFERROR(IF(P49<>"",_xlfn.XLOOKUP(P49,[1]AttributeName!$C:$C,[1]AttributeName!$B:$B,""),""),"") -> 10300 | AE49: =IF(AB49="","",_xlfn.CONCAT("[",AB49,",",M49,"]")) -> [10307,0.13] | AF49: =IF(AC49="","",_xlfn.CONCAT("[",AC49,",",O49,"]")) -> [11039,0.14] | AG49: =IF(AD49="","",_xlfn.CONCAT("[",AD49,",",Q49,"]")) -> [10300,0.1] | AH49: =IFERROR(IF(R49<>"",_xlfn.XLOOKUP(R49,[1]ModifierDes!$B:$B,[1]ModifierDes!$A:$A,""),""),"") | AI49: =IFERROR(IF(T49<>"",_xlfn.XLOOKUP(T49,[1]ModifierDes!$B:$B,[1]ModifierDes!$A:$A,""),""),"") | AJ49: =IFERROR(IF(V49<>"",_xlfn.XLOOKUP(V49,[1]ModifierDes!$B:$B,[1]ModifierDes!$A:$A,""),""),"") | AK49: =IFERROR(IF(X49<>"",_xlfn.XLOOKUP(X49,[1]ModifierDes!$B:$B,[1]ModifierDes!$A:$A,""),""),"") | AL49: =IF(S49="","",_xlfn.CONCAT("[",S49,"]")) | AM49: =IF(U49="","",_xlfn.CONCAT("[",U49,"]")) | AN49: =IF(W49="","",_xlfn.CONCAT("[",W49,"]")) | AO49: =IF(Y49="","",_xlfn.CONCAT("[",Y49,"]")) | AP49: =IFERROR(IF(Z49<>"",_xlfn.XLOOKUP(Z49,[1]StuntDes!$B:$B,[1]StuntDes!$A:$A,""),""),"") | AQ49: =IFERROR(IF(AA49<>"",_xlfn.XLOOKUP(AA49,[1]StuntDes!$B:$B,[1]StuntDes!$A:$A,""),""),"")
A50: =C50*10+D50 -> 50604 | B50: 幽魂-星级4 | C50: 5060 | D50: 4 | E50: ="[["&C50+10000&",1]]" -> [[15060,1]] | G50: =_xlfn.TEXTJOIN("|",TRUE,AH50:AJ50) | H50: =IF(R50="","",_xlfn.CONCAT("[",_xlfn.TEXTJOIN(",",TRUE,AL50:AO50),"]")) | I50: =_xlfn.TEXTJOIN("|",TRUE,AP50:AQ50) | J50: =IF(AB50="","",_xlfn.CONCAT("[",_xlfn.TEXTJOIN(",",TRUE,AE50:AG50),"]")) -> [[10307,0.22],[11039,0.14],[10300,0.1]] | K50: =_xlfn.XLOOKUP(C50,Pet!A:A,Pet!E:E) -> R-混沌 | L50: 混沌伤害提高 | M50: 0.22 | N50: 中毒效果比例 | O50: 0.14 | P50: 全局伤害提高 | Q50: 0.1 | AB50: =IFERROR(IF(L50<>"",_xlfn.XLOOKUP(L50,[1]AttributeName!$C:$C,[1]AttributeName!$B:$B,""),""),"") -> 10307 | AC50: =IFERROR(IF(N50<>"",_xlfn.XLOOKUP(N50,[1]AttributeName!$C:$C,[1]AttributeName!$B:$B,""),""),"") -> 11039 | AD50: =IFERROR(IF(P50<>"",_xlfn.XLOOKUP(P50,[1]AttributeName!$C:$C,[1]AttributeName!$B:$B,""),""),"") -> 10300 | AE50: =IF(AB50="","",_xlfn.CONCAT("[",AB50,",",M50,"]")) -> [10307,0.22] | AF50: =IF(AC50="","",_xlfn.CONCAT("[",AC50,",",O50,"]")) -> [11039,0.14] | AG50: =IF(AD50="","",_xlfn.CONCAT("[",AD50,",",Q50,"]")) -> [10300,0.1] | AH50: =IFERROR(IF(R50<>"",_xlfn.XLOOKUP(R50,[1]ModifierDes!$B:$B,[1]ModifierDes!$A:$A,""),""),"") | AI50: =IFERROR(IF(T50<>"",_xlfn.XLOOKUP(T50,[1]ModifierDes!$B:$B,[1]ModifierDes!$A:$A,""),""),"") | AJ50: =IFERROR(IF(V50<>"",_xlfn.XLOOKUP(V50,[1]ModifierDes!$B:$B,[1]ModifierDes!$A:$A,""),""),"") | AK50: =IFERROR(IF(X50<>"",_xlfn.XLOOKUP(X50,[1]ModifierDes!$B:$B,[1]ModifierDes!$A:$A,""),""),"") | AL50: =IF(S50="","",_xlfn.CONCAT("[",S50,"]")) | AM50: =IF(U50="","",_xlfn.CONCAT("[",U50,"]")) | AN50: =IF(W50="","",_xlfn.CONCAT("[",W50,"]")) | AO50: =IF(Y50="","",_xlfn.CONCAT("[",Y50,"]")) | AP50: =IFERROR(IF(Z50<>"",_xlfn.XLOOKUP(Z50,[1]StuntDes!$B:$B,[1]StuntDes!$A:$A,""),""),"") | AQ50: =IFERROR(IF(AA50<>"",_xlfn.XLOOKUP(AA50,[1]StuntDes!$B:$B,[1]StuntDes!$A:$A,""),""),"")
A51: =C51*10+D51 -> 50605 | B51: 幽魂-星级5 | C51: 5060 | D51: 5 | G51: =_xlfn.TEXTJOIN("|",TRUE,AH51:AJ51) | H51: =IF(R51="","",_xlfn.CONCAT("[",_xlfn.TEXTJOIN(",",TRUE,AL51:AO51),"]")) | I51: =_xlfn.TEXTJOIN("|",TRUE,AP51:AQ51) | J51: =IF(AB51="","",_xlfn.CONCAT("[",_xlfn.TEXTJOIN(",",TRUE,AE51:AG51),"]")) -> [[10307,0.22],[11039,0.36],[10300,0.1]] | K51: =_xlfn.XLOOKUP(C51,Pet!A:A,Pet!E:E) -> R-混沌 | L51: 混沌伤害提高 | M51: 0.22 | N51: 中毒效果比例 | O51: 0.36 | P51: 全局伤害提高 | Q51: 0.1 | AB51: =IFERROR(IF(L51<>"",_xlfn.XLOOKUP(L51,[1]AttributeName!$C:$C,[1]AttributeName!$B:$B,""),""),"") -> 10307 | AC51: =IFERROR(IF(N51<>"",_xlfn.XLOOKUP(N51,[1]AttributeName!$C:$C,[1]AttributeName!$B:$B,""),""),"") -> 11039 | AD51: =IFERROR(IF(P51<>"",_xlfn.XLOOKUP(P51,[1]AttributeName!$C:$C,[1]AttributeName!$B:$B,""),""),"") -> 10300 | AE51: =IF(AB51="","",_xlfn.CONCAT("[",AB51,",",M51,"]")) -> [10307,0.22] | AF51: =IF(AC51="","",_xlfn.CONCAT("[",AC51,",",O51,"]")) -> [11039,0.36] | AG51: =IF(AD51="","",_xlfn.CONCAT("[",AD51,",",Q51,"]")) -> [10300,0.1] | AH51: =IFERROR(IF(R51<>"",_xlfn.XLOOKUP(R51,[1]ModifierDes!$B:$B,[1]ModifierDes!$A:$A,""),""),"") | AI51: =IFERROR(IF(T51<>"",_xlfn.XLOOKUP(T51,[1]ModifierDes!$B:$B,[1]ModifierDes!$A:$A,""),""),"") | AJ51: =IFERROR(IF(V51<>"",_xlfn.XLOOKUP(V51,[1]ModifierDes!$B:$B,[1]ModifierDes!$A:$A,""),""),"") | AK51: =IFERROR(IF(X51<>"",_xlfn.XLOOKUP(X51,[1]ModifierDes!$B:$B,[1]ModifierDes!$A:$A,""),""),"") | AL51: =IF(S51="","",_xlfn.CONCAT("[",S51,"]")) | AM51: =IF(U51="","",_xlfn.CONCAT("[",U51,"]")) | AN51: =IF(W51="","",_xlfn.CONCAT("[",W51,"]")) | AO51: =IF(Y51="","",_xlfn.CONCAT("[",Y51,"]")) | AP51: =IFERROR(IF(Z51<>"",_xlfn.XLOOKUP(Z51,[1]StuntDes!$B:$B,[1]StuntDes!$A:$A,""),""),"") | AQ51: =IFERROR(IF(AA51<>"",_xlfn.XLOOKUP(AA51,[1]StuntDes!$B:$B,[1]StuntDes!$A:$A,""),""),"")
A52: =C52*10+D52 -> 70220 | B52: 蕾朵-星级0 | C52: 7022 | D52: 0 | E52: ="[["&C52+10000&",1]]" -> [[17022,1]] | G52: =_xlfn.TEXTJOIN("|",TRUE,AH52:AJ52) -> 10067|10135 | H52: =IF(R52="","",_xlfn.CONCAT("[",_xlfn.TEXTJOIN(",",TRUE,AL52:AO52),"]")) -> [[0.05],[0.1]] | I52: =_xlfn.TEXTJOIN("|",TRUE,AP52:AQ52) | J52: =IF(AB52="","",_xlfn.CONCAT("[",_xlfn.TEXTJOIN(",",TRUE,AE52:AG52),"]")) | K52: =_xlfn.XLOOKUP(C52,Pet!A:A,Pet!E:E) -> SSR-法术 | R52: 法术伤害提高 | S52: 0.05 | V52: 法术伤害额外提高 | W52: 0.1 | AB52: =IFERROR(IF(L52<>"",_xlfn.XLOOKUP(L52,[1]AttributeName!$C:$C,[1]AttributeName!$B:$B,""),""),"") | AC52: =IFERROR(IF(N52<>"",_xlfn.XLOOKUP(N52,[1]AttributeName!$C:$C,[1]AttributeName!$B:$B,""),""),"") | AD52: =IFERROR(IF(P52<>"",_xlfn.XLOOKUP(P52,[1]AttributeName!$C:$C,[1]AttributeName!$B:$B,""),""),"") | AE52: =IF(AB52="","",_xlfn.CONCAT("[",AB52,",",M52,"]")) | AF52: =IF(AC52="","",_xlfn.CONCAT("[",AC52,",",O52,"]")) | AG52: =IF(AD52="","",_xlfn.CONCAT("[",AD52,",",Q52,"]")) | AH52: =IFERROR(IF(R52<>"",_xlfn.XLOOKUP(R52,[1]ModifierDes!$B:$B,[1]ModifierDes!$A:$A,""),""),"") -> 10067 | AI52: =IFERROR(IF(T52<>"",_xlfn.XLOOKUP(T52,[1]ModifierDes!$B:$B,[1]ModifierDes!$A:$A,""),""),"") | AJ52: =IFERROR(IF(V52<>"",_xlfn.XLOOKUP(V52,[1]ModifierDes!$B:$B,[1]ModifierDes!$A:$A,""),""),"") -> 10135 | AK52: =IFERROR(IF(X52<>"",_xlfn.XLOOKUP(X52,[1]ModifierDes!$B:$B,[1]ModifierDes!$A:$A,""),""),"") | AL52: =IF(S52="","",_xlfn.CONCAT("[",S52,"]")) -> [0.05] | AM52: =IF(U52="","",_xlfn.CONCAT("[",U52,"]")) | AN52: =IF(W52="","",_xlfn.CONCAT("[",W52,"]")) -> [0.1] | AO52: =IF(Y52="","",_xlfn.CONCAT("[",Y52,"]")) | AP52: =IFERROR(IF(Z52<>"",_xlfn.XLOOKUP(Z52,[1]StuntDes!$B:$B,[1]StuntDes!$A:$A,""),""),"") | AQ52: =IFERROR(IF(AA52<>"",_xlfn.XLOOKUP(AA52,[1]StuntDes!$B:$B,[1]StuntDes!$A:$A,""),""),"")
A53: =C53*10+D53 -> 70221 | B53: 蕾朵-星级1 | C53: 7022 | D53: 1 | E53: ="[["&C53+10000&",1]]" -> [[17022,1]] | G53: =_xlfn.TEXTJOIN("|",TRUE,AH53:AJ53) -> 10067|10135 | H53: =IF(R53="","",_xlfn.CONCAT("[",_xlfn.TEXTJOIN(",",TRUE,AL53:AO53),"]")) -> [[0.1],[0.15]] | I53: =_xlfn.TEXTJOIN("|",TRUE,AP53:AQ53) | J53: =IF(AB53="","",_xlfn.CONCAT("[",_xlfn.TEXTJOIN(",",TRUE,AE53:AG53),"]")) | K53: =_xlfn.XLOOKUP(C53,Pet!A:A,Pet!E:E) -> SSR-法术 | R53: 法术伤害提高 | S53: 0.1 | V53: 法术伤害额外提高 | W53: 0.15 | AB53: =IFERROR(IF(L53<>"",_xlfn.XLOOKUP(L53,[1]AttributeName!$C:$C,[1]AttributeName!$B:$B,""),""),"") | AC53: =IFERROR(IF(N53<>"",_xlfn.XLOOKUP(N53,[1]AttributeName!$C:$C,[1]AttributeName!$B:$B,""),""),"") | AD53: =IFERROR(IF(P53<>"",_xlfn.XLOOKUP(P53,[1]AttributeName!$C:$C,[1]AttributeName!$B:$B,""),""),"") | AE53: =IF(AB53="","",_xlfn.CONCAT("[",AB53,",",M53,"]")) | AF53: =IF(AC53="","",_xlfn.CONCAT("[",AC53,",",O53,"]")) | AG53: =IF(AD53="","",_xlfn.CONCAT("[",AD53,",",Q53,"]")) | AH53: =IFERROR(IF(R53<>"",_xlfn.XLOOKUP(R53,[1]ModifierDes!$B:$B,[1]ModifierDes!$A:$A,""),""),"") -> 10067 | AI53: =IFERROR(IF(T53<>"",_xlfn.XLOOKUP(T53,[1]ModifierDes!$B:$B,[1]ModifierDes!$A:$A,""),""),"") | AJ53: =IFERROR(IF(V53<>"",_xlfn.XLOOKUP(V53,[1]ModifierDes!$B:$B,[1]ModifierDes!$A:$A,""),""),"") -> 10135 | AK53: =IFERROR(IF(X53<>"",_xlfn.XLOOKUP(X53,[1]ModifierDes!$B:$B,[1]ModifierDes!$A:$A,""),""),"") | AL53: =IF(S53="","",_xlfn.CONCAT("[",S53,"]")) -> [0.1] | AM53: =IF(U53="","",_xlfn.CONCAT("[",U53,"]")) | AN53: =IF(W53="","",_xlfn.CONCAT("[",W53,"]")) -> [0.15] | AO53: =IF(Y53="","",_xlfn.CONCAT("[",Y53,"]")) | AP53: =IFERROR(IF(Z53<>"",_xlfn.XLOOKUP(Z53,[1]StuntDes!$B:$B,[1]StuntDes!$A:$A,""),""),"") | AQ53: =IFERROR(IF(AA53<>"",_xlfn.XLOOKUP(AA53,[1]StuntDes!$B:$B,[1]StuntDes!$A:$A,""),""),"")
A54: =C54*10+D54 -> 70222 | B54: 蕾朵-星级2 | C54: 7022 | D54: 2 | E54: ="[["&C54+10000&",1]]" -> [[17022,1]] | G54: =_xlfn.TEXTJOIN("|",TRUE,AH54:AJ54) -> 10067|10135 | H54: =IF(R54="","",_xlfn.CONCAT("[",_xlfn.TEXTJOIN(",",TRUE,AL54:AO54),"]")) -> [[0.15],[0.2]] | I54: =_xlfn.TEXTJOIN("|",TRUE,AP54:AQ54) | J54: =IF(AB54="","",_xlfn.CONCAT("[",_xlfn.TEXTJOIN(",",TRUE,AE54:AG54),"]")) | K54: =_xlfn.XLOOKUP(C54,Pet!A:A,Pet!E:E) -> SSR-法术 | R54: 法术伤害提高 | S54: 0.15 | V54: 法术伤害额外提高 | W54: 0.2 | AB54: =IFERROR(IF(L54<>"",_xlfn.XLOOKUP(L54,[1]AttributeName!$C:$C,[1]AttributeName!$B:$B,""),""),"") | AC54: =IFERROR(IF(N54<>"",_xlfn.XLOOKUP(N54,[1]AttributeName!$C:$C,[1]AttributeName!$B:$B,""),""),"") | AD54: =IFERROR(IF(P54<>"",_xlfn.XLOOKUP(P54,[1]AttributeName!$C:$C,[1]AttributeName!$B:$B,""),""),"") | AE54: =IF(AB54="","",_xlfn.CONCAT("[",AB54,",",M54,"]")) | AF54: =IF(AC54="","",_xlfn.CONCAT("[",AC54,",",O54,"]")) | AG54: =IF(AD54="","",_xlfn.CONCAT("[",AD54,",",Q54,"]")) | AH54: =IFERROR(IF(R54<>"",_xlfn.XLOOKUP(R54,[1]ModifierDes!$B:$B,[1]ModifierDes!$A:$A,""),""),"") -> 10067 | AI54: =IFERROR(IF(T54<>"",_xlfn.XLOOKUP(T54,[1]ModifierDes!$B:$B,[1]ModifierDes!$A:$A,""),""),"") | AJ54: =IFERROR(IF(V54<>"",_xlfn.XLOOKUP(V54,[1]ModifierDes!$B:$B,[1]ModifierDes!$A:$A,""),""),"") -> 10135 | AK54: =IFERROR(IF(X54<>"",_xlfn.XLOOKUP(X54,[1]ModifierDes!$B:$B,[1]ModifierDes!$A:$A,""),""),"") | AL54: =IF(S54="","",_xlfn.CONCAT("[",S54,"]")) -> [0.15] | AM54: =IF(U54="","",_xlfn.CONCAT("[",U54,"]")) | AN54: =IF(W54="","",_xlfn.CONCAT("[",W54,"]")) -> [0.2] | AO54: =IF(Y54="","",_xlfn.CONCAT("[",Y54,"]")) | AP54: =IFERROR(IF(Z54<>"",_xlfn.XLOOKUP(Z54,[1]StuntDes!$B:$B,[1]StuntDes!$A:$A,""),""),"") | AQ54: =IFERROR(IF(AA54<>"",_xlfn.XLOOKUP(AA54,[1]StuntDes!$B:$B,[1]StuntDes!$A:$A,""),""),"")
A55: =C55*10+D55 -> 70223 | B55: 蕾朵-星级3 | C55: 7022 | D55: 3 | E55: ="[["&C55+10000&",1]]" -> [[17022,1]] | G55: =_xlfn.TEXTJOIN("|",TRUE,AH55:AJ55) -> 10067|10050|10135 | H55: =IF(R55="","",_xlfn.CONCAT("[",_xlfn.TEXTJOIN(",",TRUE,AL55:AO55),"]")) -> [[0.15],[0.04],[0.25]] | I55: =_xlfn.TEXTJOIN("|",TRUE,AP55:AQ55) | J55: =IF(AB55="","",_xlfn.CONCAT("[",_xlfn.TEXTJOIN(",",TRUE,AE55:AG55),"]")) | K55: =_xlfn.XLOOKUP(C55,Pet!A:A,Pet!E:E) -> SSR-法术 | R55: 法术伤害提高 | S55: 0.15 | T55: 施法速度提高 | U55: 0.04 | V55: 法术伤害额外提高 | W55: 0.25 | AB55: =IFERROR(IF(L55<>"",_xlfn.XLOOKUP(L55,[1]AttributeName!$C:$C,[1]AttributeName!$B:$B,""),""),"") | AC55: =IFERROR(IF(N55<>"",_xlfn.XLOOKUP(N55,[1]AttributeName!$C:$C,[1]AttributeName!$B:$B,""),""),"") | AD55: =IFERROR(IF(P55<>"",_xlfn.XLOOKUP(P55,[1]AttributeName!$C:$C,[1]AttributeName!$B:$B,""),""),"") | AE55: =IF(AB55="","",_xlfn.CONCAT("[",AB55,",",M55,"]")) | AF55: =IF(AC55="","",_xlfn.CONCAT("[",AC55,",",O55,"]")) | AG55: =IF(AD55="","",_xlfn.CONCAT("[",AD55,",",Q55,"]")) | AH55: =IFERROR(IF(R55<>"",_xlfn.XLOOKUP(R55,[1]ModifierDes!$B:$B,[1]ModifierDes!$A:$A,""),""),"") -> 10067 | AI55: =IFERROR(IF(T55<>"",_xlfn.XLOOKUP(T55,[1]ModifierDes!$B:$B,[1]ModifierDes!$A:$A,""),""),"") -> 10050 | AJ55: =IFERROR(IF(V55<>"",_xlfn.XLOOKUP(V55,[1]ModifierDes!$B:$B,[1]ModifierDes!$A:$A,""),""),"") -> 10135 | AK55: =IFERROR(IF(X55<>"",_xlfn.XLOOKUP(X55,[1]ModifierDes!$B:$B,[1]ModifierDes!$A:$A,""),""),"") | AL55: =IF(S55="","",_xlfn.CONCAT("[",S55,"]")) -> [0.15] | AM55: =IF(U55="","",_xlfn.CONCAT("[",U55,"]")) -> [0.04] | AN55: =IF(W55="","",_xlfn.CONCAT("[",W55,"]")) -> [0.25] | AO55: =IF(Y55="","",_xlfn.CONCAT("[",Y55,"]")) | AP55: =IFERROR(IF(Z55<>"",_xlfn.XLOOKUP(Z55,[1]StuntDes!$B:$B,[1]StuntDes!$A:$A,""),""),"") | AQ55: =IFERROR(IF(AA55<>"",_xlfn.XLOOKUP(AA55,[1]StuntDes!$B:$B,[1]StuntDes!$A:$A,""),""),"")
A56: =C56*10+D56 -> 70224 | B56: 蕾朵-星级4 | C56: 7022 | D56: 4 | E56: ="[["&C56+10000&",1]]" -> [[17022,1]] | G56: =_xlfn.TEXTJOIN("|",TRUE,AH56:AJ56) -> 10067|10050|10135 | H56: =IF(R56="","",_xlfn.CONCAT("[",_xlfn.TEXTJOIN(",",TRUE,AL56:AO56),"]")) -> [[0.2],[0.04],[0.3]] | I56: =_xlfn.TEXTJOIN("|",TRUE,AP56:AQ56) | J56: =IF(AB56="","",_xlfn.CONCAT("[",_xlfn.TEXTJOIN(",",TRUE,AE56:AG56),"]")) | K56: =_xlfn.XLOOKUP(C56,Pet!A:A,Pet!E:E) -> SSR-法术 | R56: 法术伤害提高 | S56: 0.2 | T56: 施法速度提高 | U56: 0.04 | V56: 法术伤害额外提高 | W56: 0.3 | AB56: =IFERROR(IF(L56<>"",_xlfn.XLOOKUP(L56,[1]AttributeName!$C:$C,[1]AttributeName!$B:$B,""),""),"") | AC56: =IFERROR(IF(N56<>"",_xlfn.XLOOKUP(N56,[1]AttributeName!$C:$C,[1]AttributeName!$B:$B,""),""),"") | AD56: =IFERROR(IF(P56<>"",_xlfn.XLOOKUP(P56,[1]AttributeName!$C:$C,[1]AttributeName!$B:$B,""),""),"") | AE56: =IF(AB56="","",_xlfn.CONCAT("[",AB56,",",M56,"]")) | AF56: =IF(AC56="","",_xlfn.CONCAT("[",AC56,",",O56,"]")) | AG56: =IF(AD56="","",_xlfn.CONCAT("[",AD56,",",Q56,"]")) | AH56: =IFERROR(IF(R56<>"",_xlfn.XLOOKUP(R56,[1]ModifierDes!$B:$B,[1]ModifierDes!$A:$A,""),""),"") -> 10067 | AI56: =IFERROR(IF(T56<>"",_xlfn.XLOOKUP(T56,[1]ModifierDes!$B:$B,[1]ModifierDes!$A:$A,""),""),"") -> 10050 | AJ56: =IFERROR(IF(V56<>"",_xlfn.XLOOKUP(V56,[1]ModifierDes!$B:$B,[1]ModifierDes!$A:$A,""),""),"") -> 10135 | AK56: =IFERROR(IF(X56<>"",_xlfn.XLOOKUP(X56,[1]ModifierDes!$B:$B,[1]ModifierDes!$A:$A,""),""),"") | AL56: =IF(S56="","",_xlfn.CONCAT("[",S56,"]")) -> [0.2] | AM56: =IF(U56="","",_xlfn.CONCAT("[",U56,"]")) -> [0.04] | AN56: =IF(W56="","",_xlfn.CONCAT("[",W56,"]")) -> [0.3] | AO56: =IF(Y56="","",_xlfn.CONCAT("[",Y56,"]")) | AP56: =IFERROR(IF(Z56<>"",_xlfn.XLOOKUP(Z56,[1]StuntDes!$B:$B,[1]StuntDes!$A:$A,""),""),"") | AQ56: =IFERROR(IF(AA56<>"",_xlfn.XLOOKUP(AA56,[1]StuntDes!$B:$B,[1]StuntDes!$A:$A,""),""),"")
A57: =C57*10+D57 -> 70225 | B57: 蕾朵-星级5 | C57: 7022 | D57: 5 | G57: =_xlfn.TEXTJOIN("|",TRUE,AH57:AJ57) -> 10067|10050|10135 | H57: =IF(R57="","",_xlfn.CONCAT("[",_xlfn.TEXTJOIN(",",TRUE,AL57:AO57),"]")) -> [[0.2],[0.1],[0.3]] | I57: =_xlfn.TEXTJOIN("|",TRUE,AP57:AQ57) -> 2140000180 | J57: =IF(AB57="","",_xlfn.CONCAT("[",_xlfn.TEXTJOIN(",",TRUE,AE57:AG57),"]")) | K57: =_xlfn.XLOOKUP(C57,Pet!A:A,Pet!E:E) -> SSR-法术 | R57: 法术伤害提高 | S57: 0.2 | T57: 施法速度提高 | U57: 0.1 | V57: 法术伤害额外提高 | W57: 0.3 | Z57: 宠物-攻击必定软弱 | AB57: =IFERROR(IF(L57<>"",_xlfn.XLOOKUP(L57,[1]AttributeName!$C:$C,[1]AttributeName!$B:$B,""),""),"") | AC57: =IFERROR(IF(N57<>"",_xlfn.XLOOKUP(N57,[1]AttributeName!$C:$C,[1]AttributeName!$B:$B,""),""),"") | AD57: =IFERROR(IF(P57<>"",_xlfn.XLOOKUP(P57,[1]AttributeName!$C:$C,[1]AttributeName!$B:$B,""),""),"") | AE57: =IF(AB57="","",_xlfn.CONCAT("[",AB57,",",M57,"]")) | AF57: =IF(AC57="","",_xlfn.CONCAT("[",AC57,",",O57,"]")) | AG57: =IF(AD57="","",_xlfn.CONCAT("[",AD57,",",Q57,"]")) | AH57: =IFERROR(IF(R57<>"",_xlfn.XLOOKUP(R57,[1]ModifierDes!$B:$B,[1]ModifierDes!$A:$A,""),""),"") -> 10067 | AI57: =IFERROR(IF(T57<>"",_xlfn.XLOOKUP(T57,[1]ModifierDes!$B:$B,[1]ModifierDes!$A:$A,""),""),"") -> 10050 | AJ57: =IFERROR(IF(V57<>"",_xlfn.XLOOKUP(V57,[1]ModifierDes!$B:$B,[1]ModifierDes!$A:$A,""),""),"") -> 10135 | AK57: =IFERROR(IF(X57<>"",_xlfn.XLOOKUP(X57,[1]ModifierDes!$B:$B,[1]ModifierDes!$A:$A,""),""),"") | AL57: =IF(S57="","",_xlfn.CONCAT("[",S57,"]")) -> [0.2] | AM57: =IF(U57="","",_xlfn.CONCAT("[",U57,"]")) -> [0.1] | AN57: =IF(W57="","",_xlfn.CONCAT("[",W57,"]")) -> [0.3] | AO57: =IF(Y57="","",_xlfn.CONCAT("[",Y57,"]")) | AP57: =IFERROR(IF(Z57<>"",_xlfn.XLOOKUP(Z57,[1]StuntDes!$B:$B,[1]StuntDes!$A:$A,""),""),"") -> 2140000180 | AQ57: =IFERROR(IF(AA57<>"",_xlfn.XLOOKUP(AA57,[1]StuntDes!$B:$B,[1]StuntDes!$A:$A,""),""),"")
A58: =C58*10+D58 -> 60120 | B58: 冰虫骑士-星级0 | C58: 6012 | D58: 0 | E58: ="[["&C58+10000&",1]]" -> [[16012,1]] | G58: =_xlfn.TEXTJOIN("|",TRUE,AH58:AJ58) | H58: =IF(R58="","",_xlfn.CONCAT("[",_xlfn.TEXTJOIN(",",TRUE,AL58:AO58),"]")) | I58: =_xlfn.TEXTJOIN("|",TRUE,AP58:AQ58) | J58: =IF(AB58="","",_xlfn.CONCAT("[",_xlfn.TEXTJOIN(",",TRUE,AE58:AG58),"]")) -> [[10303,0.1],[11055,0.1]] | K58: =_xlfn.XLOOKUP(C58,Pet!A:A,Pet!E:E) -> SR-物理 | L58: 物理伤害提高 | M58: 0.1 | N58: 流血效果比例 | O58: 0.1 | AB58: =IFERROR(IF(L58<>"",_xlfn.XLOOKUP(L58,[1]AttributeName!$C:$C,[1]AttributeName!$B:$B,""),""),"") -> 10303 | AC58: =IFERROR(IF(N58<>"",_xlfn.XLOOKUP(N58,[1]AttributeName!$C:$C,[1]AttributeName!$B:$B,""),""),"") -> 11055 | AD58: =IFERROR(IF(P58<>"",_xlfn.XLOOKUP(P58,[1]AttributeName!$C:$C,[1]AttributeName!$B:$B,""),""),"") | AE58: =IF(AB58="","",_xlfn.CONCAT("[",AB58,",",M58,"]")) -> [10303,0.1] | AF58: =IF(AC58="","",_xlfn.CONCAT("[",AC58,",",O58,"]")) -> [11055,0.1] | AG58: =IF(AD58="","",_xlfn.CONCAT("[",AD58,",",Q58,"]")) | AH58: =IFERROR(IF(R58<>"",_xlfn.XLOOKUP(R58,[1]ModifierDes!$B:$B,[1]ModifierDes!$A:$A,""),""),"") | AI58: =IFERROR(IF(T58<>"",_xlfn.XLOOKUP(T58,[1]ModifierDes!$B:$B,[1]ModifierDes!$A:$A,""),""),"") | AJ58: =IFERROR(IF(V58<>"",_xlfn.XLOOKUP(V58,[1]ModifierDes!$B:$B,[1]ModifierDes!$A:$A,""),""),"") | AK58: =IFERROR(IF(X58<>"",_xlfn.XLOOKUP(X58,[1]ModifierDes!$B:$B,[1]ModifierDes!$A:$A,""),""),"") | AL58: =IF(S58="","",_xlfn.CONCAT("[",S58,"]")) | AM58: =IF(U58="","",_xlfn.CONCAT("[",U58,"]")) | AN58: =IF(W58="","",_xlfn.CONCAT("[",W58,"]")) | AO58: =IF(Y58="","",_xlfn.CONCAT("[",Y58,"]")) | AP58: =IFERROR(IF(Z58<>"",_xlfn.XLOOKUP(Z58,[1]StuntDes!$B:$B,[1]StuntDes!$A:$A,""),""),"") | AQ58: =IFERROR(IF(AA58<>"",_xlfn.XLOOKUP(AA58,[1]StuntDes!$B:$B,[1]StuntDes!$A:$A,""),""),"")
A59: =C59*10+D59 -> 60121 | B59: 冰虫骑士-星级1 | C59: 6012 | D59: 1 | E59: ="[["&C59+10000&",1]]" -> [[16012,1]] | G59: =_xlfn.TEXTJOIN("|",TRUE,AH59:AJ59) | H59: =IF(R59="","",_xlfn.CONCAT("[",_xlfn.TEXTJOIN(",",TRUE,AL59:AO59),"]")) | I59: =_xlfn.TEXTJOIN("|",TRUE,AP59:AQ59) | J59: =IF(AB59="","",_xlfn.CONCAT("[",_xlfn.TEXTJOIN(",",TRUE,AE59:AG59),"]")) -> [[10303,0.25],[11055,0.1]] | K59: =_xlfn.XLOOKUP(C59,Pet!A:A,Pet!E:E) -> SR-物理 | L59: 物理伤害提高 | M59: 0.25 | N59: 流血效果比例 | O59: 0.1 | AB59: =IFERROR(IF(L59<>"",_xlfn.XLOOKUP(L59,[1]AttributeName!$C:$C,[1]AttributeName!$B:$B,""),""),"") -> 10303 | AC59: =IFERROR(IF(N59<>"",_xlfn.XLOOKUP(N59,[1]AttributeName!$C:$C,[1]AttributeName!$B:$B,""),""),"") -> 11055 | AD59: =IFERROR(IF(P59<>"",_xlfn.XLOOKUP(P59,[1]AttributeName!$C:$C,[1]AttributeName!$B:$B,""),""),"") | AE59: =IF(AB59="","",_xlfn.CONCAT("[",AB59,",",M59,"]")) -> [10303,0.25] | AF59: =IF(AC59="","",_xlfn.CONCAT("[",AC59,",",O59,"]")) -> [11055,0.1] | AG59: =IF(AD59="","",_xlfn.CONCAT("[",AD59,",",Q59,"]")) | AH59: =IFERROR(IF(R59<>"",_xlfn.XLOOKUP(R59,[1]ModifierDes!$B:$B,[1]ModifierDes!$A:$A,""),""),"") | AI59: =IFERROR(IF(T59<>"",_xlfn.XLOOKUP(T59,[1]ModifierDes!$B:$B,[1]ModifierDes!$A:$A,""),""),"") | AJ59: =IFERROR(IF(V59<>"",_xlfn.XLOOKUP(V59,[1]ModifierDes!$B:$B,[1]ModifierDes!$A:$A,""),""),"") | AK59: =IFERROR(IF(X59<>"",_xlfn.XLOOKUP(X59,[1]ModifierDes!$B:$B,[1]ModifierDes!$A:$A,""),""),"") | AL59: =IF(S59="","",_xlfn.CONCAT("[",S59,"]")) | AM59: =IF(U59="","",_xlfn.CONCAT("[",U59,"]")) | AN59: =IF(W59="","",_xlfn.CONCAT("[",W59,"]")) | AO59: =IF(Y59="","",_xlfn.CONCAT("[",Y59,"]")) | AP59: =IFERROR(IF(Z59<>"",_xlfn.XLOOKUP(Z59,[1]StuntDes!$B:$B,[1]StuntDes!$A:$A,""),""),"") | AQ59: =IFERROR(IF(AA59<>"",_xlfn.XLOOKUP(AA59,[1]StuntDes!$B:$B,[1]StuntDes!$A:$A,""),""),"")
A60: =C60*10+D60 -> 60122 | B60: 冰虫骑士-星级2 | C60: 6012 | D60: 2 | E60: ="[["&C60+10000&",1]]" -> [[16012,1]] | G60: =_xlfn.TEXTJOIN("|",TRUE,AH60:AJ60) | H60: =IF(R60="","",_xlfn.CONCAT("[",_xlfn.TEXTJOIN(",",TRUE,AL60:AO60),"]")) | I60: =_xlfn.TEXTJOIN("|",TRUE,AP60:AQ60) | J60: =IF(AB60="","",_xlfn.CONCAT("[",_xlfn.TEXTJOIN(",",TRUE,AE60:AG60),"]")) -> [[10303,0.25],[11055,0.3]] | K60: =_xlfn.XLOOKUP(C60,Pet!A:A,Pet!E:E) -> SR-物理 | L60: 物理伤害提高 | M60: 0.25 | N60: 流血效果比例 | O60: 0.3 | AB60: =IFERROR(IF(L60<>"",_xlfn.XLOOKUP(L60,[1]AttributeName!$C:$C,[1]AttributeName!$B:$B,""),""),"") -> 10303 | AC60: =IFERROR(IF(N60<>"",_xlfn.XLOOKUP(N60,[1]AttributeName!$C:$C,[1]AttributeName!$B:$B,""),""),"") -> 11055 | AD60: =IFERROR(IF(P60<>"",_xlfn.XLOOKUP(P60,[1]AttributeName!$C:$C,[1]AttributeName!$B:$B,""),""),"") | AE60: =IF(AB60="","",_xlfn.CONCAT("[",AB60,",",M60,"]")) -> [10303,0.25] | AF60: =IF(AC60="","",_xlfn.CONCAT("[",AC60,",",O60,"]")) -> [11055,0.3] | AG60: =IF(AD60="","",_xlfn.CONCAT("[",AD60,",",Q60,"]")) | AH60: =IFERROR(IF(R60<>"",_xlfn.XLOOKUP(R60,[1]ModifierDes!$B:$B,[1]ModifierDes!$A:$A,""),""),"") | AI60: =IFERROR(IF(T60<>"",_xlfn.XLOOKUP(T60,[1]ModifierDes!$B:$B,[1]ModifierDes!$A:$A,""),""),"") | AJ60: =IFERROR(IF(V60<>"",_xlfn.XLOOKUP(V60,[1]ModifierDes!$B:$B,[1]ModifierDes!$A:$A,""),""),"") | AK60: =IFERROR(IF(X60<>"",_xlfn.XLOOKUP(X60,[1]ModifierDes!$B:$B,[1]ModifierDes!$A:$A,""),""),"") | AL60: =IF(S60="","",_xlfn.CONCAT("[",S60,"]")) | AM60: =IF(U60="","",_xlfn.CONCAT("[",U60,"]")) | AN60: =IF(W60="","",_xlfn.CONCAT("[",W60,"]")) | AO60: =IF(Y60="","",_xlfn.CONCAT("[",Y60,"]")) | AP60: =IFERROR(IF(Z60<>"",_xlfn.XLOOKUP(Z60,[1]StuntDes!$B:$B,[1]StuntDes!$A:$A,""),""),"") | AQ60: =IFERROR(IF(AA60<>"",_xlfn.XLOOKUP(AA60,[1]StuntDes!$B:$B,[1]StuntDes!$A:$A,""),""),"")
A61: =C61*10+D61 -> 60123 | B61: 冰虫骑士-星级3 | C61: 6012 | D61: 3 | E61: ="[["&C61+10000&",1]]" -> [[16012,1]] | G61: =_xlfn.TEXTJOIN("|",TRUE,AH61:AJ61) | H61: =IF(R61="","",_xlfn.CONCAT("[",_xlfn.TEXTJOIN(",",TRUE,AL61:AO61),"]")) | I61: =_xlfn.TEXTJOIN("|",TRUE,AP61:AQ61) | J61: =IF(AB61="","",_xlfn.CONCAT("[",_xlfn.TEXTJOIN(",",TRUE,AE61:AG61),"]")) -> [[10303,0.25],[11055,0.3],[10300,0.12]] | K61: =_xlfn.XLOOKUP(C61,Pet!A:A,Pet!E:E) -> SR-物理 | L61: 物理伤害提高 | M61: 0.25 | N61: 流血效果比例 | O61: 0.3 | P61: 全局伤害提高 | Q61: 0.12 | AB61: =IFERROR(IF(L61<>"",_xlfn.XLOOKUP(L61,[1]AttributeName!$C:$C,[1]AttributeName!$B:$B,""),""),"") -> 10303 | AC61: =IFERROR(IF(N61<>"",_xlfn.XLOOKUP(N61,[1]AttributeName!$C:$C,[1]AttributeName!$B:$B,""),""),"") -> 11055 | AD61: =IFERROR(IF(P61<>"",_xlfn.XLOOKUP(P61,[1]AttributeName!$C:$C,[1]AttributeName!$B:$B,""),""),"") -> 10300 | AE61: =IF(AB61="","",_xlfn.CONCAT("[",AB61,",",M61,"]")) -> [10303,0.25] | AF61: =IF(AC61="","",_xlfn.CONCAT("[",AC61,",",O61,"]")) -> [11055,0.3] | AG61: =IF(AD61="","",_xlfn.CONCAT("[",AD61,",",Q61,"]")) -> [10300,0.12] | AH61: =IFERROR(IF(R61<>"",_xlfn.XLOOKUP(R61,[1]ModifierDes!$B:$B,[1]ModifierDes!$A:$A,""),""),"") | AI61: =IFERROR(IF(T61<>"",_xlfn.XLOOKUP(T61,[1]ModifierDes!$B:$B,[1]ModifierDes!$A:$A,""),""),"") | AJ61: =IFERROR(IF(V61<>"",_xlfn.XLOOKUP(V61,[1]ModifierDes!$B:$B,[1]ModifierDes!$A:$A,""),""),"") | AK61: =IFERROR(IF(X61<>"",_xlfn.XLOOKUP(X61,[1]ModifierDes!$B:$B,[1]ModifierDes!$A:$A,""),""),"") | AL61: =IF(S61="","",_xlfn.CONCAT("[",S61,"]")) | AM61: =IF(U61="","",_xlfn.CONCAT("[",U61,"]")) | AN61: =IF(W61="","",_xlfn.CONCAT("[",W61,"]")) | AO61: =IF(Y61="","",_xlfn.CONCAT("[",Y61,"]")) | AP61: =IFERROR(IF(Z61<>"",_xlfn.XLOOKUP(Z61,[1]StuntDes!$B:$B,[1]StuntDes!$A:$A,""),""),"") | AQ61: =IFERROR(IF(AA61<>"",_xlfn.XLOOKUP(AA61,[1]StuntDes!$B:$B,[1]StuntDes!$A:$A,""),""),"")
A62: =C62*10+D62 -> 60124 | B62: 冰虫骑士-星级4 | C62: 6012 | D62: 4 | E62: ="[["&C62+10000&",1]]" -> [[16012,1]] | G62: =_xlfn.TEXTJOIN("|",TRUE,AH62:AJ62) | H62: =IF(R62="","",_xlfn.CONCAT("[",_xlfn.TEXTJOIN(",",TRUE,AL62:AO62),"]")) | I62: =_xlfn.TEXTJOIN("|",TRUE,AP62:AQ62) | J62: =IF(AB62="","",_xlfn.CONCAT("[",_xlfn.TEXTJOIN(",",TRUE,AE62:AG62),"]")) -> [[10303,0.39],[11055,0.3],[10300,0.12]] | K62: =_xlfn.XLOOKUP(C62,Pet!A:A,Pet!E:E) -> SR-物理 | L62: 物理伤害提高 | M62: 0.39 | N62: 流血效果比例 | O62: 0.3 | P62: 全局伤害提高 | Q62: 0.12 | AB62: =IFERROR(IF(L62<>"",_xlfn.XLOOKUP(L62,[1]AttributeName!$C:$C,[1]AttributeName!$B:$B,""),""),"") -> 10303 | AC62: =IFERROR(IF(N62<>"",_xlfn.XLOOKUP(N62,[1]AttributeName!$C:$C,[1]AttributeName!$B:$B,""),""),"") -> 11055 | AD62: =IFERROR(IF(P62<>"",_xlfn.XLOOKUP(P62,[1]AttributeName!$C:$C,[1]AttributeName!$B:$B,""),""),"") -> 10300 | AE62: =IF(AB62="","",_xlfn.CONCAT("[",AB62,",",M62,"]")) -> [10303,0.39] | AF62: =IF(AC62="","",_xlfn.CONCAT("[",AC62,",",O62,"]")) -> [11055,0.3] | AG62: =IF(AD62="","",_xlfn.CONCAT("[",AD62,",",Q62,"]")) -> [10300,0.12] | AH62: =IFERROR(IF(R62<>"",_xlfn.XLOOKUP(R62,[1]ModifierDes!$B:$B,[1]ModifierDes!$A:$A,""),""),"") | AI62: =IFERROR(IF(T62<>"",_xlfn.XLOOKUP(T62,[1]ModifierDes!$B:$B,[1]ModifierDes!$A:$A,""),""),"") | AJ62: =IFERROR(IF(V62<>"",_xlfn.XLOOKUP(V62,[1]ModifierDes!$B:$B,[1]ModifierDes!$A:$A,""),""),"") | AK62: =IFERROR(IF(X62<>"",_xlfn.XLOOKUP(X62,[1]ModifierDes!$B:$B,[1]ModifierDes!$A:$A,""),""),"") | AL62: =IF(S62="","",_xlfn.CONCAT("[",S62,"]")) | AM62: =IF(U62="","",_xlfn.CONCAT("[",U62,"]")) | AN62: =IF(W62="","",_xlfn.CONCAT("[",W62,"]")) | AO62: =IF(Y62="","",_xlfn.CONCAT("[",Y62,"]")) | AP62: =IFERROR(IF(Z62<>"",_xlfn.XLOOKUP(Z62,[1]StuntDes!$B:$B,[1]StuntDes!$A:$A,""),""),"") | AQ62: =IFERROR(IF(AA62<>"",_xlfn.XLOOKUP(AA62,[1]StuntDes!$B:$B,[1]StuntDes!$A:$A,""),""),"")
A63: =C63*10+D63 -> 60125 | B63: 冰虫骑士-星级5 | C63: 6012 | D63: 5 | G63: =_xlfn.TEXTJOIN("|",TRUE,AH63:AJ63) | H63: =IF(R63="","",_xlfn.CONCAT("[",_xlfn.TEXTJOIN(",",TRUE,AL63:AO63),"]")) | I63: =_xlfn.TEXTJOIN("|",TRUE,AP63:AQ63) | J63: =IF(AB63="","",_xlfn.CONCAT("[",_xlfn.TEXTJOIN(",",TRUE,AE63:AG63),"]")) -> [[10303,0.39],[11055,0.62],[10300,0.12]] | K63: =_xlfn.XLOOKUP(C63,Pet!A:A,Pet!E:E) -> SR-物理 | L63: 物理伤害提高 | M63: 0.39 | N63: 流血效果比例 | O63: 0.62 | P63: 全局伤害提高 | Q63: 0.12 | AB63: =IFERROR(IF(L63<>"",_xlfn.XLOOKUP(L63,[1]AttributeName!$C:$C,[1]AttributeName!$B:$B,""),""),"") -> 10303 | AC63: =IFERROR(IF(N63<>"",_xlfn.XLOOKUP(N63,[1]AttributeName!$C:$C,[1]AttributeName!$B:$B,""),""),"") -> 11055 | AD63: =IFERROR(IF(P63<>"",_xlfn.XLOOKUP(P63,[1]AttributeName!$C:$C,[1]AttributeName!$B:$B,""),""),"") -> 10300 | AE63: =IF(AB63="","",_xlfn.CONCAT("[",AB63,",",M63,"]")) -> [10303,0.39] | AF63: =IF(AC63="","",_xlfn.CONCAT("[",AC63,",",O63,"]")) -> [11055,0.62] | AG63: =IF(AD63="","",_xlfn.CONCAT("[",AD63,",",Q63,"]")) -> [10300,0.12] | AH63: =IFERROR(IF(R63<>"",_xlfn.XLOOKUP(R63,[1]ModifierDes!$B:$B,[1]ModifierDes!$A:$A,""),""),"") | AI63: =IFERROR(IF(T63<>"",_xlfn.XLOOKUP(T63,[1]ModifierDes!$B:$B,[1]ModifierDes!$A:$A,""),""),"") | AJ63: =IFERROR(IF(V63<>"",_xlfn.XLOOKUP(V63,[1]ModifierDes!$B:$B,[1]ModifierDes!$A:$A,""),""),"") | AK63: =IFERROR(IF(X63<>"",_xlfn.XLOOKUP(X63,[1]ModifierDes!$B:$B,[1]ModifierDes!$A:$A,""),""),"") | AL63: =IF(S63="","",_xlfn.CONCAT("[",S63,"]")) | AM63: =IF(U63="","",_xlfn.CONCAT("[",U63,"]")) | AN63: =IF(W63="","",_xlfn.CONCAT("[",W63,"]")) | AO63: =IF(Y63="","",_xlfn.CONCAT("[",Y63,"]")) | AP63: =IFERROR(IF(Z63<>"",_xlfn.XLOOKUP(Z63,[1]StuntDes!$B:$B,[1]StuntDes!$A:$A,""),""),"") | AQ63: =IFERROR(IF(AA63<>"",_xlfn.XLOOKUP(AA63,[1]StuntDes!$B:$B,[1]StuntDes!$A:$A,""),""),"")
A64: =C64*10+D64 -> 60520 | B64: 猫浪人-星级0 | C64: 6052 | D64: 0 | E64: ="[["&C64+10000&",1]]" -> [[16052,1]] | G64: =_xlfn.TEXTJOIN("|",TRUE,AH64:AJ64) -> 10066|10031 | H64: =IF(R64="","",_xlfn.CONCAT("[",_xlfn.TEXTJOIN(",",TRUE,AL64:AO64),"]")) -> [[0.09],[0.02]] | I64: =_xlfn.TEXTJOIN("|",TRUE,AP64:AQ64) | J64: =IF(AB64="","",_xlfn.CONCAT("[",_xlfn.TEXTJOIN(",",TRUE,AE64:AG64),"]")) | K64: =_xlfn.XLOOKUP(C64,Pet!A:A,Pet!E:E) -> SR-攻击 | R64: 攻击伤害提高 | S64: 0.09 | T64: 攻击速度提高 | U64: 0.02 | AB64: =IFERROR(IF(L64<>"",_xlfn.XLOOKUP(L64,[1]AttributeName!$C:$C,[1]AttributeName!$B:$B,""),""),"") | AC64: =IFERROR(IF(N64<>"",_xlfn.XLOOKUP(N64,[1]AttributeName!$C:$C,[1]AttributeName!$B:$B,""),""),"") | AD64: =IFERROR(IF(P64<>"",_xlfn.XLOOKUP(P64,[1]AttributeName!$C:$C,[1]AttributeName!$B:$B,""),""),"") | AE64: =IF(AB64="","",_xlfn.CONCAT("[",AB64,",",M64,"]")) | AF64: =IF(AC64="","",_xlfn.CONCAT("[",AC64,",",O64,"]")) | AG64: =IF(AD64="","",_xlfn.CONCAT("[",AD64,",",Q64,"]")) | AH64: =IFERROR(IF(R64<>"",_xlfn.XLOOKUP(R64,[1]ModifierDes!$B:$B,[1]ModifierDes!$A:$A,""),""),"") -> 10066 | AI64: =IFERROR(IF(T64<>"",_xlfn.XLOOKUP(T64,[1]ModifierDes!$B:$B,[1]ModifierDes!$A:$A,""),""),"") -> 10031 | AJ64: =IFERROR(IF(V64<>"",_xlfn.XLOOKUP(V64,[1]ModifierDes!$B:$B,[1]ModifierDes!$A:$A,""),""),"") | AK64: =IFERROR(IF(X64<>"",_xlfn.XLOOKUP(X64,[1]ModifierDes!$B:$B,[1]ModifierDes!$A:$A,""),""),"") | AL64: =IF(S64="","",_xlfn.CONCAT("[",S64,"]")) -> [0.09] | AM64: =IF(U64="","",_xlfn.CONCAT("[",U64,"]")) -> [0.02] | AN64: =IF(W64="","",_xlfn.CONCAT("[",W64,"]")) | AO64: =IF(Y64="","",_xlfn.CONCAT("[",Y64,"]")) | AP64: =IFERROR(IF(Z64<>"",_xlfn.XLOOKUP(Z64,[1]StuntDes!$B:$B,[1]StuntDes!$A:$A,""),""),"") | AQ64: =IFERROR(IF(AA64<>"",_xlfn.XLOOKUP(AA64,[1]StuntDes!$B:$B,[1]StuntDes!$A:$A,""),""),"")
A65: =C65*10+D65 -> 60521 | B65: 猫浪人-星级1 | C65: 6052 | D65: 1 | E65: ="[["&C65+10000&",1]]" -> [[16052,1]] | G65: =_xlfn.TEXTJOIN("|",TRUE,AH65:AJ65) -> 10066|10031 | H65: =IF(R65="","",_xlfn.CONCAT("[",_xlfn.TEXTJOIN(",",TRUE,AL65:AO65),"]")) -> [[0.17],[0.02]] | I65: =_xlfn.TEXTJOIN("|",TRUE,AP65:AQ65) | J65: =IF(AB65="","",_xlfn.CONCAT("[",_xlfn.TEXTJOIN(",",TRUE,AE65:AG65),"]")) | K65: =_xlfn.XLOOKUP(C65,Pet!A:A,Pet!E:E) -> SR-攻击 | R65: 攻击伤害提高 | S65: 0.17 | T65: 攻击速度提高 | U65: 0.02 | AB65: =IFERROR(IF(L65<>"",_xlfn.XLOOKUP(L65,[1]AttributeName!$C:$C,[1]AttributeName!$B:$B,""),""),"") | AC65: =IFERROR(IF(N65<>"",_xlfn.XLOOKUP(N65,[1]AttributeName!$C:$C,[1]AttributeName!$B:$B,""),""),"") | AD65: =IFERROR(IF(P65<>"",_xlfn.XLOOKUP(P65,[1]AttributeName!$C:$C,[1]AttributeName!$B:$B,""),""),"") | AE65: =IF(AB65="","",_xlfn.CONCAT("[",AB65,",",M65,"]")) | AF65: =IF(AC65="","",_xlfn.CONCAT("[",AC65,",",O65,"]")) | AG65: =IF(AD65="","",_xlfn.CONCAT("[",AD65,",",Q65,"]")) | AH65: =IFERROR(IF(R65<>"",_xlfn.XLOOKUP(R65,[1]ModifierDes!$B:$B,[1]ModifierDes!$A:$A,""),""),"") -> 10066 | AI65: =IFERROR(IF(T65<>"",_xlfn.XLOOKUP(T65,[1]ModifierDes!$B:$B,[1]ModifierDes!$A:$A,""),""),"") -> 10031 | AJ65: =IFERROR(IF(V65<>"",_xlfn.XLOOKUP(V65,[1]ModifierDes!$B:$B,[1]ModifierDes!$A:$A,""),""),"") | AK65: =IFERROR(IF(X65<>"",_xlfn.XLOOKUP(X65,[1]ModifierDes!$B:$B,[1]ModifierDes!$A:$A,""),""),"") | AL65: =IF(S65="","",_xlfn.CONCAT("[",S65,"]")) -> [0.17] | AM65: =IF(U65="","",_xlfn.CONCAT("[",U65,"]")) -> [0.02] | AN65: =IF(W65="","",_xlfn.CONCAT("[",W65,"]")) | AO65: =IF(Y65="","",_xlfn.CONCAT("[",Y65,"]")) | AP65: =IFERROR(IF(Z65<>"",_xlfn.XLOOKUP(Z65,[1]StuntDes!$B:$B,[1]StuntDes!$A:$A,""),""),"") | AQ65: =IFERROR(IF(AA65<>"",_xlfn.XLOOKUP(AA65,[1]StuntDes!$B:$B,[1]StuntDes!$A:$A,""),""),"")
A66: =C66*10+D66 -> 60522 | B66: 猫浪人-星级2 | C66: 6052 | D66: 2 | E66: ="[["&C66+10000&",1]]" -> [[16052,1]] | G66: =_xlfn.TEXTJOIN("|",TRUE,AH66:AJ66) -> 10066|10031 | H66: =IF(R66="","",_xlfn.CONCAT("[",_xlfn.TEXTJOIN(",",TRUE,AL66:AO66),"]")) -> [[0.17],[0.06]] | I66: =_xlfn.TEXTJOIN("|",TRUE,AP66:AQ66) | J66: =IF(AB66="","",_xlfn.CONCAT("[",_xlfn.TEXTJOIN(",",TRUE,AE66:AG66),"]")) | K66: =_xlfn.XLOOKUP(C66,Pet!A:A,Pet!E:E) -> SR-攻击 | R66: 攻击伤害提高 | S66: 0.17 | T66: 攻击速度提高 | U66: 0.06 | AB66: =IFERROR(IF(L66<>"",_xlfn.XLOOKUP(L66,[1]AttributeName!$C:$C,[1]AttributeName!$B:$B,""),""),"") | AC66: =IFERROR(IF(N66<>"",_xlfn.XLOOKUP(N66,[1]AttributeName!$C:$C,[1]AttributeName!$B:$B,""),""),"") | AD66: =IFERROR(IF(P66<>"",_xlfn.XLOOKUP(P66,[1]AttributeName!$C:$C,[1]AttributeName!$B:$B,""),""),"") | AE66: =IF(AB66="","",_xlfn.CONCAT("[",AB66,",",M66,"]")) | AF66: =IF(AC66="","",_xlfn.CONCAT("[",AC66,",",O66,"]")) | AG66: =IF(AD66="","",_xlfn.CONCAT("[",AD66,",",Q66,"]")) | AH66: =IFERROR(IF(R66<>"",_xlfn.XLOOKUP(R66,[1]ModifierDes!$B:$B,[1]ModifierDes!$A:$A,""),""),"") -> 10066 | AI66: =IFERROR(IF(T66<>"",_xlfn.XLOOKUP(T66,[1]ModifierDes!$B:$B,[1]ModifierDes!$A:$A,""),""),"") -> 10031 | AJ66: =IFERROR(IF(V66<>"",_xlfn.XLOOKUP(V66,[1]ModifierDes!$B:$B,[1]ModifierDes!$A:$A,""),""),"") | AK66: =IFERROR(IF(X66<>"",_xlfn.XLOOKUP(X66,[1]ModifierDes!$B:$B,[1]ModifierDes!$A:$A,""),""),"") | AL66: =IF(S66="","",_xlfn.CONCAT("[",S66,"]")) -> [0.17] | AM66: =IF(U66="","",_xlfn.CONCAT("[",U66,"]")) -> [0.06] | AN66: =IF(W66="","",_xlfn.CONCAT("[",W66,"]")) | AO66: =IF(Y66="","",_xlfn.CONCAT("[",Y66,"]")) | AP66: =IFERROR(IF(Z66<>"",_xlfn.XLOOKUP(Z66,[1]StuntDes!$B:$B,[1]StuntDes!$A:$A,""),""),"") | AQ66: =IFERROR(IF(AA66<>"",_xlfn.XLOOKUP(AA66,[1]StuntDes!$B:$B,[1]StuntDes!$A:$A,""),""),"")
A67: =C67*10+D67 -> 60523 | B67: 猫浪人-星级3 | C67: 6052 | D67: 3 | E67: ="[["&C67+10000&",1]]" -> [[16052,1]] | G67: =_xlfn.TEXTJOIN("|",TRUE,AH67:AJ67) -> 10066|10031 | H67: =IF(R67="","",_xlfn.CONCAT("[",_xlfn.TEXTJOIN(",",TRUE,AL67:AO67),"]")) -> [[0.17],[0.06]] | I67: =_xlfn.TEXTJOIN("|",TRUE,AP67:AQ67) | J67: =IF(AB67="","",_xlfn.CONCAT("[",_xlfn.TEXTJOIN(",",TRUE,AE67:AG67),"]")) -> [[10300,0.12]] | K67: =_xlfn.XLOOKUP(C67,Pet!A:A,Pet!E:E) -> SR-攻击 | L67: 全局伤害提高 | M67: 0.12 | R67: 攻击伤害提高 | S67: 0.17 | T67: 攻击速度提高 | U67: 0.06 | AB67: =IFERROR(IF(L67<>"",_xlfn.XLOOKUP(L67,[1]AttributeName!$C:$C,[1]AttributeName!$B:$B,""),""),"") -> 10300 | AC67: =IFERROR(IF(N67<>"",_xlfn.XLOOKUP(N67,[1]AttributeName!$C:$C,[1]AttributeName!$B:$B,""),""),"") | AD67: =IFERROR(IF(P67<>"",_xlfn.XLOOKUP(P67,[1]AttributeName!$C:$C,[1]AttributeName!$B:$B,""),""),"") | AE67: =IF(AB67="","",_xlfn.CONCAT("[",AB67,",",M67,"]")) -> [10300,0.12] | AF67: =IF(AC67="","",_xlfn.CONCAT("[",AC67,",",O67,"]")) | AG67: =IF(AD67="","",_xlfn.CONCAT("[",AD67,",",Q67,"]")) | AH67: =IFERROR(IF(R67<>"",_xlfn.XLOOKUP(R67,[1]ModifierDes!$B:$B,[1]ModifierDes!$A:$A,""),""),"") -> 10066 | AI67: =IFERROR(IF(T67<>"",_xlfn.XLOOKUP(T67,[1]ModifierDes!$B:$B,[1]ModifierDes!$A:$A,""),""),"") -> 10031 | AJ67: =IFERROR(IF(V67<>"",_xlfn.XLOOKUP(V67,[1]ModifierDes!$B:$B,[1]ModifierDes!$A:$A,""),""),"") | AK67: =IFERROR(IF(X67<>"",_xlfn.XLOOKUP(X67,[1]ModifierDes!$B:$B,[1]ModifierDes!$A:$A,""),""),"") | AL67: =IF(S67="","",_xlfn.CONCAT("[",S67,"]")) -> [0.17] | AM67: =IF(U67="","",_xlfn.CONCAT("[",U67,"]")) -> [0.06] | AN67: =IF(W67="","",_xlfn.CONCAT("[",W67,"]")) | AO67: =IF(Y67="","",_xlfn.CONCAT("[",Y67,"]")) | AP67: =IFERROR(IF(Z67<>"",_xlfn.XLOOKUP(Z67,[1]StuntDes!$B:$B,[1]StuntDes!$A:$A,""),""),"") | AQ67: =IFERROR(IF(AA67<>"",_xlfn.XLOOKUP(AA67,[1]StuntDes!$B:$B,[1]StuntDes!$A:$A,""),""),"")
A68: =C68*10+D68 -> 60524 | B68: 猫浪人-星级4 | C68: 6052 | D68: 4 | E68: ="[["&C68+10000&",1]]" -> [[16052,1]] | G68: =_xlfn.TEXTJOIN("|",TRUE,AH68:AJ68) -> 10066|10031 | H68: =IF(R68="","",_xlfn.CONCAT("[",_xlfn.TEXTJOIN(",",TRUE,AL68:AO68),"]")) -> [[0.32],[0.06]] | I68: =_xlfn.TEXTJOIN("|",TRUE,AP68:AQ68) | J68: =IF(AB68="","",_xlfn.CONCAT("[",_xlfn.TEXTJOIN(",",TRUE,AE68:AG68),"]")) -> [[10300,0.12]] | K68: =_xlfn.XLOOKUP(C68,Pet!A:A,Pet!E:E) -> SR-攻击 | L68: 全局伤害提高 | M68: 0.12 | R68: 攻击伤害提高 | S68: 0.32 | T68: 攻击速度提高 | U68: 0.06 | AB68: =IFERROR(IF(L68<>"",_xlfn.XLOOKUP(L68,[1]AttributeName!$C:$C,[1]AttributeName!$B:$B,""),""),"") -> 10300 | AC68: =IFERROR(IF(N68<>"",_xlfn.XLOOKUP(N68,[1]AttributeName!$C:$C,[1]AttributeName!$B:$B,""),""),"") | AD68: =IFERROR(IF(P68<>"",_xlfn.XLOOKUP(P68,[1]AttributeName!$C:$C,[1]AttributeName!$B:$B,""),""),"") | AE68: =IF(AB68="","",_xlfn.CONCAT("[",AB68,",",M68,"]")) -> [10300,0.12] | AF68: =IF(AC68="","",_xlfn.CONCAT("[",AC68,",",O68,"]")) | AG68: =IF(AD68="","",_xlfn.CONCAT("[",AD68,",",Q68,"]")) | AH68: =IFERROR(IF(R68<>"",_xlfn.XLOOKUP(R68,[1]ModifierDes!$B:$B,[1]ModifierDes!$A:$A,""),""),"") -> 10066 | AI68: =IFERROR(IF(T68<>"",_xlfn.XLOOKUP(T68,[1]ModifierDes!$B:$B,[1]ModifierDes!$A:$A,""),""),"") -> 10031 | AJ68: =IFERROR(IF(V68<>"",_xlfn.XLOOKUP(V68,[1]ModifierDes!$B:$B,[1]ModifierDes!$A:$A,""),""),"") | AK68: =IFERROR(IF(X68<>"",_xlfn.XLOOKUP(X68,[1]ModifierDes!$B:$B,[1]ModifierDes!$A:$A,""),""),"") | AL68: =IF(S68="","",_xlfn.CONCAT("[",S68,"]")) -> [0.32] | AM68: =IF(U68="","",_xlfn.CONCAT("[",U68,"]")) -> [0.06] | AN68: =IF(W68="","",_xlfn.CONCAT("[",W68,"]")) | AO68: =IF(Y68="","",_xlfn.CONCAT("[",Y68,"]")) | AP68: =IFERROR(IF(Z68<>"",_xlfn.XLOOKUP(Z68,[1]StuntDes!$B:$B,[1]StuntDes!$A:$A,""),""),"") | AQ68: =IFERROR(IF(AA68<>"",_xlfn.XLOOKUP(AA68,[1]StuntDes!$B:$B,[1]StuntDes!$A:$A,""),""),"")
A69: =C69*10+D69 -> 60525 | B69: 猫浪人-星级5 | C69: 6052 | D69: 5 | G69: =_xlfn.TEXTJOIN("|",TRUE,AH69:AJ69) -> 10066|10031 | H69: =IF(R69="","",_xlfn.CONCAT("[",_xlfn.TEXTJOIN(",",TRUE,AL69:AO69),"]")) -> [[0.32],[0.11]] | I69: =_xlfn.TEXTJOIN("|",TRUE,AP69:AQ69) | J69: =IF(AB69="","",_xlfn.CONCAT("[",_xlfn.TEXTJOIN(",",TRUE,AE69:AG69),"]")) -> [[10300,0.12]] | K69: =_xlfn.XLOOKUP(C69,Pet!A:A,Pet!E:E) -> SR-攻击 | L69: 全局伤害提高 | M69: 0.12 | R69: 攻击伤害提高 | S69: 0.32 | T69: 攻击速度提高 | U69: 0.11 | AB69: =IFERROR(IF(L69<>"",_xlfn.XLOOKUP(L69,[1]AttributeName!$C:$C,[1]AttributeName!$B:$B,""),""),"") -> 10300 | AC69: =IFERROR(IF(N69<>"",_xlfn.XLOOKUP(N69,[1]AttributeName!$C:$C,[1]AttributeName!$B:$B,""),""),"") | AD69: =IFERROR(IF(P69<>"",_xlfn.XLOOKUP(P69,[1]AttributeName!$C:$C,[1]AttributeName!$B:$B,""),""),"") | AE69: =IF(AB69="","",_xlfn.CONCAT("[",AB69,",",M69,"]")) -> [10300,0.12] | AF69: =IF(AC69="","",_xlfn.CONCAT("[",AC69,",",O69,"]")) | AG69: =IF(AD69="","",_xlfn.CONCAT("[",AD69,",",Q69,"]")) | AH69: =IFERROR(IF(R69<>"",_xlfn.XLOOKUP(R69,[1]ModifierDes!$B:$B,[1]ModifierDes!$A:$A,""),""),"") -> 10066 | AI69: =IFERROR(IF(T69<>"",_xlfn.XLOOKUP(T69,[1]ModifierDes!$B:$B,[1]ModifierDes!$A:$A,""),""),"") -> 10031 | AJ69: =IFERROR(IF(V69<>"",_xlfn.XLOOKUP(V69,[1]ModifierDes!$B:$B,[1]ModifierDes!$A:$A,""),""),"") | AK69: =IFERROR(IF(X69<>"",_xlfn.XLOOKUP(X69,[1]ModifierDes!$B:$B,[1]ModifierDes!$A:$A,""),""),"") | AL69: =IF(S69="","",_xlfn.CONCAT("[",S69,"]")) -> [0.32] | AM69: =IF(U69="","",_xlfn.CONCAT("[",U69,"]")) -> [0.11] | AN69: =IF(W69="","",_xlfn.CONCAT("[",W69,"]")) | AO69: =IF(Y69="","",_xlfn.CONCAT("[",Y69,"]")) | AP69: =IFERROR(IF(Z69<>"",_xlfn.XLOOKUP(Z69,[1]StuntDes!$B:$B,[1]StuntDes!$A:$A,""),""),"") | AQ69: =IFERROR(IF(AA69<>"",_xlfn.XLOOKUP(AA69,[1]StuntDes!$B:$B,[1]StuntDes!$A:$A,""),""),"")
A70: =C70*10+D70 -> 60420 | B70: 射击仙人-星级0 | C70: 6042 | D70: 0 | E70: ="[["&C70+10000&",1]]" -> [[16042,1]] | G70: =_xlfn.TEXTJOIN("|",TRUE,AH70:AJ70) -> 10064|10049 | H70: =IF(R70="","",_xlfn.CONCAT("[",_xlfn.TEXTJOIN(",",TRUE,AL70:AO70),"]")) -> [[0.09],[0.04]] | I70: =_xlfn.TEXTJOIN("|",TRUE,AP70:AQ70) | J70: =IF(AB70="","",_xlfn.CONCAT("[",_xlfn.TEXTJOIN(",",TRUE,AE70:AG70),"]")) | K70: =_xlfn.XLOOKUP(C70,Pet!A:A,Pet!E:E) -> SR-投射物 | R70: 投射物伤害提高 | S70: 0.09 | T70: 投射物速度提高 | U70: 0.04 | AB70: =IFERROR(IF(L70<>"",_xlfn.XLOOKUP(L70,[1]AttributeName!$C:$C,[1]AttributeName!$B:$B,""),""),"") | AC70: =IFERROR(IF(N70<>"",_xlfn.XLOOKUP(N70,[1]AttributeName!$C:$C,[1]AttributeName!$B:$B,""),""),"") | AD70: =IFERROR(IF(P70<>"",_xlfn.XLOOKUP(P70,[1]AttributeName!$C:$C,[1]AttributeName!$B:$B,""),""),"") | AE70: =IF(AB70="","",_xlfn.CONCAT("[",AB70,",",M70,"]")) | AF70: =IF(AC70="","",_xlfn.CONCAT("[",AC70,",",O70,"]")) | AG70: =IF(AD70="","",_xlfn.CONCAT("[",AD70,",",Q70,"]")) | AH70: =IFERROR(IF(R70<>"",_xlfn.XLOOKUP(R70,[1]ModifierDes!$B:$B,[1]ModifierDes!$A:$A,""),""),"") -> 10064 | AI70: =IFERROR(IF(T70<>"",_xlfn.XLOOKUP(T70,[1]ModifierDes!$B:$B,[1]ModifierDes!$A:$A,""),""),"") -> 10049 | AJ70: =IFERROR(IF(V70<>"",_xlfn.XLOOKUP(V70,[1]ModifierDes!$B:$B,[1]ModifierDes!$A:$A,""),""),"") | AK70: =IFERROR(IF(X70<>"",_xlfn.XLOOKUP(X70,[1]ModifierDes!$B:$B,[1]ModifierDes!$A:$A,""),""),"") | AL70: =IF(S70="","",_xlfn.CONCAT("[",S70,"]")) -> [0.09] | AM70: =IF(U70="","",_xlfn.CONCAT("[",U70,"]")) -> [0.04] | AN70: =IF(W70="","",_xlfn.CONCAT("[",W70,"]")) | AO70: =IF(Y70="","",_xlfn.CONCAT("[",Y70,"]")) | AP70: =IFERROR(IF(Z70<>"",_xlfn.XLOOKUP(Z70,[1]StuntDes!$B:$B,[1]StuntDes!$A:$A,""),""),"") | AQ70: =IFERROR(IF(AA70<>"",_xlfn.XLOOKUP(AA70,[1]StuntDes!$B:$B,[1]StuntDes!$A:$A,""),""),"")
A71: =C71*10+D71 -> 60421 | B71: 射击仙人-星级1 | C71: 6042 | D71: 1 | E71: ="[["&C71+10000&",1]]" -> [[16042,1]] | G71: =_xlfn.TEXTJOIN("|",TRUE,AH71:AJ71) -> 10064|10049 | H71: =IF(R71="","",_xlfn.CONCAT("[",_xlfn.TEXTJOIN(",",TRUE,AL71:AO71),"]")) -> [[0.17],[0.04]] | I71: =_xlfn.TEXTJOIN("|",TRUE,AP71:AQ71) | J71: =IF(AB71="","",_xlfn.CONCAT("[",_xlfn.TEXTJOIN(",",TRUE,AE71:AG71),"]")) | K71: =_xlfn.XLOOKUP(C71,Pet!A:A,Pet!E:E) -> SR-投射物 | R71: 投射物伤害提高 | S71: 0.17 | T71: 投射物速度提高 | U71: 0.04 | AB71: =IFERROR(IF(L71<>"",_xlfn.XLOOKUP(L71,[1]AttributeName!$C:$C,[1]AttributeName!$B:$B,""),""),"") | AC71: =IFERROR(IF(N71<>"",_xlfn.XLOOKUP(N71,[1]AttributeName!$C:$C,[1]AttributeName!$B:$B,""),""),"") | AD71: =IFERROR(IF(P71<>"",_xlfn.XLOOKUP(P71,[1]AttributeName!$C:$C,[1]AttributeName!$B:$B,""),""),"") | AE71: =IF(AB71="","",_xlfn.CONCAT("[",AB71,",",M71,"]")) | AF71: =IF(AC71="","",_xlfn.CONCAT("[",AC71,",",O71,"]")) | AG71: =IF(AD71="","",_xlfn.CONCAT("[",AD71,",",Q71,"]")) | AH71: =IFERROR(IF(R71<>"",_xlfn.XLOOKUP(R71,[1]ModifierDes!$B:$B,[1]ModifierDes!$A:$A,""),""),"") -> 10064 | AI71: =IFERROR(IF(T71<>"",_xlfn.XLOOKUP(T71,[1]ModifierDes!$B:$B,[1]ModifierDes!$A:$A,""),""),"") -> 10049 | AJ71: =IFERROR(IF(V71<>"",_xlfn.XLOOKUP(V71,[1]ModifierDes!$B:$B,[1]ModifierDes!$A:$A,""),""),"") | AK71: =IFERROR(IF(X71<>"",_xlfn.XLOOKUP(X71,[1]ModifierDes!$B:$B,[1]ModifierDes!$A:$A,""),""),"") | AL71: =IF(S71="","",_xlfn.CONCAT("[",S71,"]")) -> [0.17] | AM71: =IF(U71="","",_xlfn.CONCAT("[",U71,"]")) -> [0.04] | AN71: =IF(W71="","",_xlfn.CONCAT("[",W71,"]")) | AO71: =IF(Y71="","",_xlfn.CONCAT("[",Y71,"]")) | AP71: =IFERROR(IF(Z71<>"",_xlfn.XLOOKUP(Z71,[1]StuntDes!$B:$B,[1]StuntDes!$A:$A,""),""),"") | AQ71: =IFERROR(IF(AA71<>"",_xlfn.XLOOKUP(AA71,[1]StuntDes!$B:$B,[1]StuntDes!$A:$A,""),""),"")
A72: =C72*10+D72 -> 60422 | B72: 射击仙人-星级2 | C72: 6042 | D72: 2 | E72: ="[["&C72+10000&",1]]" -> [[16042,1]] | G72: =_xlfn.TEXTJOIN("|",TRUE,AH72:AJ72) -> 10064|10049 | H72: =IF(R72="","",_xlfn.CONCAT("[",_xlfn.TEXTJOIN(",",TRUE,AL72:AO72),"]")) -> [[0.17],[0.12]] | I72: =_xlfn.TEXTJOIN("|",TRUE,AP72:AQ72) | J72: =IF(AB72="","",_xlfn.CONCAT("[",_xlfn.TEXTJOIN(",",TRUE,AE72:AG72),"]")) | K72: =_xlfn.XLOOKUP(C72,Pet!A:A,Pet!E:E) -> SR-投射物 | R72: 投射物伤害提高 | S72: 0.17 | T72: 投射物速度提高 | U72: 0.12 | AB72: =IFERROR(IF(L72<>"",_xlfn.XLOOKUP(L72,[1]AttributeName!$C:$C,[1]AttributeName!$B:$B,""),""),"") | AC72: =IFERROR(IF(N72<>"",_xlfn.XLOOKUP(N72,[1]AttributeName!$C:$C,[1]AttributeName!$B:$B,""),""),"") | AD72: =IFERROR(IF(P72<>"",_xlfn.XLOOKUP(P72,[1]AttributeName!$C:$C,[1]AttributeName!$B:$B,""),""),"") | AE72: =IF(AB72="","",_xlfn.CONCAT("[",AB72,",",M72,"]")) | AF72: =IF(AC72="","",_xlfn.CONCAT("[",AC72,",",O72,"]")) | AG72: =IF(AD72="","",_xlfn.CONCAT("[",AD72,",",Q72,"]")) | AH72: =IFERROR(IF(R72<>"",_xlfn.XLOOKUP(R72,[1]ModifierDes!$B:$B,[1]ModifierDes!$A:$A,""),""),"") -> 10064 | AI72: =IFERROR(IF(T72<>"",_xlfn.XLOOKUP(T72,[1]ModifierDes!$B:$B,[1]ModifierDes!$A:$A,""),""),"") -> 10049 | AJ72: =IFERROR(IF(V72<>"",_xlfn.XLOOKUP(V72,[1]ModifierDes!$B:$B,[1]ModifierDes!$A:$A,""),""),"") | AK72: =IFERROR(IF(X72<>"",_xlfn.XLOOKUP(X72,[1]ModifierDes!$B:$B,[1]ModifierDes!$A:$A,""),""),"") | AL72: =IF(S72="","",_xlfn.CONCAT("[",S72,"]")) -> [0.17] | AM72: =IF(U72="","",_xlfn.CONCAT("[",U72,"]")) -> [0.12] | AN72: =IF(W72="","",_xlfn.CONCAT("[",W72,"]")) | AO72: =IF(Y72="","",_xlfn.CONCAT("[",Y72,"]")) | AP72: =IFERROR(IF(Z72<>"",_xlfn.XLOOKUP(Z72,[1]StuntDes!$B:$B,[1]StuntDes!$A:$A,""),""),"") | AQ72: =IFERROR(IF(AA72<>"",_xlfn.XLOOKUP(AA72,[1]StuntDes!$B:$B,[1]StuntDes!$A:$A,""),""),"")
A73: =C73*10+D73 -> 60423 | B73: 射击仙人-星级3 | C73: 6042 | D73: 3 | E73: ="[["&C73+10000&",1]]" -> [[16042,1]] | G73: =_xlfn.TEXTJOIN("|",TRUE,AH73:AJ73) -> 10064|10049 | H73: =IF(R73="","",_xlfn.CONCAT("[",_xlfn.TEXTJOIN(",",TRUE,AL73:AO73),"]")) -> [[0.17],[0.12]] | I73: =_xlfn.TEXTJOIN("|",TRUE,AP73:AQ73) | J73: =IF(AB73="","",_xlfn.CONCAT("[",_xlfn.TEXTJOIN(",",TRUE,AE73:AG73),"]")) -> [[10300,0.12]] | K73: =_xlfn.XLOOKUP(C73,Pet!A:A,Pet!E:E) -> SR-投射物 | L73: 全局伤害提高 | M73: 0.12 | R73: 投射物伤害提高 | S73: 0.17 | T73: 投射物速度提高 | U73: 0.12 | AB73: =IFERROR(IF(L73<>"",_xlfn.XLOOKUP(L73,[1]AttributeName!$C:$C,[1]AttributeName!$B:$B,""),""),"") -> 10300 | AC73: =IFERROR(IF(N73<>"",_xlfn.XLOOKUP(N73,[1]AttributeName!$C:$C,[1]AttributeName!$B:$B,""),""),"") | AD73: =IFERROR(IF(P73<>"",_xlfn.XLOOKUP(P73,[1]AttributeName!$C:$C,[1]AttributeName!$B:$B,""),""),"") | AE73: =IF(AB73="","",_xlfn.CONCAT("[",AB73,",",M73,"]")) -> [10300,0.12] | AF73: =IF(AC73="","",_xlfn.CONCAT("[",AC73,",",O73,"]")) | AG73: =IF(AD73="","",_xlfn.CONCAT("[",AD73,",",Q73,"]")) | AH73: =IFERROR(IF(R73<>"",_xlfn.XLOOKUP(R73,[1]ModifierDes!$B:$B,[1]ModifierDes!$A:$A,""),""),"") -> 10064 | AI73: =IFERROR(IF(T73<>"",_xlfn.XLOOKUP(T73,[1]ModifierDes!$B:$B,[1]ModifierDes!$A:$A,""),""),"") -> 10049 | AJ73: =IFERROR(IF(V73<>"",_xlfn.XLOOKUP(V73,[1]ModifierDes!$B:$B,[1]ModifierDes!$A:$A,""),""),"") | AK73: =IFERROR(IF(X73<>"",_xlfn.XLOOKUP(X73,[1]ModifierDes!$B:$B,[1]ModifierDes!$A:$A,""),""),"") | AL73: =IF(S73="","",_xlfn.CONCAT("[",S73,"]")) -> [0.17] | AM73: =IF(U73="","",_xlfn.CONCAT("[",U73,"]")) -> [0.12] | AN73: =IF(W73="","",_xlfn.CONCAT("[",W73,"]")) | AO73: =IF(Y73="","",_xlfn.CONCAT("[",Y73,"]")) | AP73: =IFERROR(IF(Z73<>"",_xlfn.XLOOKUP(Z73,[1]StuntDes!$B:$B,[1]StuntDes!$A:$A,""),""),"") | AQ73: =IFERROR(IF(AA73<>"",_xlfn.XLOOKUP(AA73,[1]StuntDes!$B:$B,[1]StuntDes!$A:$A,""),""),"")
A74: =C74*10+D74 -> 60424 | B74: 射击仙人-星级4 | C74: 6042 | D74: 4 | E74: ="[["&C74+10000&",1]]" -> [[16042,1]] | G74: =_xlfn.TEXTJOIN("|",TRUE,AH74:AJ74) -> 10064|10049 | H74: =IF(R74="","",_xlfn.CONCAT("[",_xlfn.TEXTJOIN(",",TRUE,AL74:AO74),"]")) -> [[0.32],[0.12]] | I74: =_xlfn.TEXTJOIN("|",TRUE,AP74:AQ74) | J74: =IF(AB74="","",_xlfn.CONCAT("[",_xlfn.TEXTJOIN(",",TRUE,AE74:AG74),"]")) -> [[10300,0.12]] | K74: =_xlfn.XLOOKUP(C74,Pet!A:A,Pet!E:E) -> SR-投射物 | L74: 全局伤害提高 | M74: 0.12 | R74: 投射物伤害提高 | S74: 0.32 | T74: 投射物速度提高 | U74: 0.12 | AB74: =IFERROR(IF(L74<>"",_xlfn.XLOOKUP(L74,[1]AttributeName!$C:$C,[1]AttributeName!$B:$B,""),""),"") -> 10300 | AC74: =IFERROR(IF(N74<>"",_xlfn.XLOOKUP(N74,[1]AttributeName!$C:$C,[1]AttributeName!$B:$B,""),""),"") | AD74: =IFERROR(IF(P74<>"",_xlfn.XLOOKUP(P74,[1]AttributeName!$C:$C,[1]AttributeName!$B:$B,""),""),"") | AE74: =IF(AB74="","",_xlfn.CONCAT("[",AB74,",",M74,"]")) -> [10300,0.12] | AF74: =IF(AC74="","",_xlfn.CONCAT("[",AC74,",",O74,"]")) | AG74: =IF(AD74="","",_xlfn.CONCAT("[",AD74,",",Q74,"]")) | AH74: =IFERROR(IF(R74<>"",_xlfn.XLOOKUP(R74,[1]ModifierDes!$B:$B,[1]ModifierDes!$A:$A,""),""),"") -> 10064 | AI74: =IFERROR(IF(T74<>"",_xlfn.XLOOKUP(T74,[1]ModifierDes!$B:$B,[1]ModifierDes!$A:$A,""),""),"") -> 10049 | AJ74: =IFERROR(IF(V74<>"",_xlfn.XLOOKUP(V74,[1]ModifierDes!$B:$B,[1]ModifierDes!$A:$A,""),""),"") | AK74: =IFERROR(IF(X74<>"",_xlfn.XLOOKUP(X74,[1]ModifierDes!$B:$B,[1]ModifierDes!$A:$A,""),""),"") | AL74: =IF(S74="","",_xlfn.CONCAT("[",S74,"]")) -> [0.32] | AM74: =IF(U74="","",_xlfn.CONCAT("[",U74,"]")) -> [0.12] | AN74: =IF(W74="","",_xlfn.CONCAT("[",W74,"]")) | AO74: =IF(Y74="","",_xlfn.CONCAT("[",Y74,"]")) | AP74: =IFERROR(IF(Z74<>"",_xlfn.XLOOKUP(Z74,[1]StuntDes!$B:$B,[1]StuntDes!$A:$A,""),""),"") | AQ74: =IFERROR(IF(AA74<>"",_xlfn.XLOOKUP(AA74,[1]StuntDes!$B:$B,[1]StuntDes!$A:$A,""),""),"")
A75: =C75*10+D75 -> 60425 | B75: 射击仙人-星级5 | C75: 6042 | D75: 5 | G75: =_xlfn.TEXTJOIN("|",TRUE,AH75:AJ75) -> 10064|10049 | H75: =IF(R75="","",_xlfn.CONCAT("[",_xlfn.TEXTJOIN(",",TRUE,AL75:AO75),"]")) -> [[0.32],[0.22]] | I75: =_xlfn.TEXTJOIN("|",TRUE,AP75:AQ75) | J75: =IF(AB75="","",_xlfn.CONCAT("[",_xlfn.TEXTJOIN(",",TRUE,AE75:AG75),"]")) -> [[10300,0.12]] | K75: =_xlfn.XLOOKUP(C75,Pet!A:A,Pet!E:E) -> SR-投射物 | L75: 全局伤害提高 | M75: 0.12 | R75: 投射物伤害提高 | S75: 0.32 | T75: 投射物速度提高 | U75: 0.22 | AB75: =IFERROR(IF(L75<>"",_xlfn.XLOOKUP(L75,[1]AttributeName!$C:$C,[1]AttributeName!$B:$B,""),""),"") -> 10300 | AC75: =IFERROR(IF(N75<>"",_xlfn.XLOOKUP(N75,[1]AttributeName!$C:$C,[1]AttributeName!$B:$B,""),""),"") | AD75: =IFERROR(IF(P75<>"",_xlfn.XLOOKUP(P75,[1]AttributeName!$C:$C,[1]AttributeName!$B:$B,""),""),"") | AE75: =IF(AB75="","",_xlfn.CONCAT("[",AB75,",",M75,"]")) -> [10300,0.12] | AF75: =IF(AC75="","",_xlfn.CONCAT("[",AC75,",",O75,"]")) | AG75: =IF(AD75="","",_xlfn.CONCAT("[",AD75,",",Q75,"]")) | AH75: =IFERROR(IF(R75<>"",_xlfn.XLOOKUP(R75,[1]ModifierDes!$B:$B,[1]ModifierDes!$A:$A,""),""),"") -> 10064 | AI75: =IFERROR(IF(T75<>"",_xlfn.XLOOKUP(T75,[1]ModifierDes!$B:$B,[1]ModifierDes!$A:$A,""),""),"") -> 10049 | AJ75: =IFERROR(IF(V75<>"",_xlfn.XLOOKUP(V75,[1]ModifierDes!$B:$B,[1]ModifierDes!$A:$A,""),""),"") | AK75: =IFERROR(IF(X75<>"",_xlfn.XLOOKUP(X75,[1]ModifierDes!$B:$B,[1]ModifierDes!$A:$A,""),""),"") | AL75: =IF(S75="","",_xlfn.CONCAT("[",S75,"]")) -> [0.32] | AM75: =IF(U75="","",_xlfn.CONCAT("[",U75,"]")) -> [0.22] | AN75: =IF(W75="","",_xlfn.CONCAT("[",W75,"]")) | AO75: =IF(Y75="","",_xlfn.CONCAT("[",Y75,"]")) | AP75: =IFERROR(IF(Z75<>"",_xlfn.XLOOKUP(Z75,[1]StuntDes!$B:$B,[1]StuntDes!$A:$A,""),""),"") | AQ75: =IFERROR(IF(AA75<>"",_xlfn.XLOOKUP(AA75,[1]StuntDes!$B:$B,[1]StuntDes!$A:$A,""),""),"")
A76: =C76*10+D76 -> 60620 | B76: 咒术魔偶-星级0 | C76: 6062 | D76: 0 | E76: ="[["&C76+10000&",1]]" -> [[16062,1]] | G76: =_xlfn.TEXTJOIN("|",TRUE,AH76:AJ76) | H76: =IF(R76="","",_xlfn.CONCAT("[",_xlfn.TEXTJOIN(",",TRUE,AL76:AO76),"]")) | I76: =_xlfn.TEXTJOIN("|",TRUE,AP76:AQ76) | J76: =IF(AB76="","",_xlfn.CONCAT("[",_xlfn.TEXTJOIN(",",TRUE,AE76:AG76),"]")) -> [[10307,0.1],[11039,0.1]] | K76: =_xlfn.XLOOKUP(C76,Pet!A:A,Pet!E:E) -> SR-混沌 | L76: 混沌伤害提高 | M76: 0.1 | N76: 中毒效果比例 | O76: 0.1 | AB76: =IFERROR(IF(L76<>"",_xlfn.XLOOKUP(L76,[1]AttributeName!$C:$C,[1]AttributeName!$B:$B,""),""),"") -> 10307 | AC76: =IFERROR(IF(N76<>"",_xlfn.XLOOKUP(N76,[1]AttributeName!$C:$C,[1]AttributeName!$B:$B,""),""),"") -> 11039 | AD76: =IFERROR(IF(P76<>"",_xlfn.XLOOKUP(P76,[1]AttributeName!$C:$C,[1]AttributeName!$B:$B,""),""),"") | AE76: =IF(AB76="","",_xlfn.CONCAT("[",AB76,",",M76,"]")) -> [10307,0.1] | AF76: =IF(AC76="","",_xlfn.CONCAT("[",AC76,",",O76,"]")) -> [11039,0.1] | AG76: =IF(AD76="","",_xlfn.CONCAT("[",AD76,",",Q76,"]")) | AH76: =IFERROR(IF(R76<>"",_xlfn.XLOOKUP(R76,[1]ModifierDes!$B:$B,[1]ModifierDes!$A:$A,""),""),"") | AI76: =IFERROR(IF(T76<>"",_xlfn.XLOOKUP(T76,[1]ModifierDes!$B:$B,[1]ModifierDes!$A:$A,""),""),"") | AJ76: =IFERROR(IF(V76<>"",_xlfn.XLOOKUP(V76,[1]ModifierDes!$B:$B,[1]ModifierDes!$A:$A,""),""),"") | AK76: =IFERROR(IF(X76<>"",_xlfn.XLOOKUP(X76,[1]ModifierDes!$B:$B,[1]ModifierDes!$A:$A,""),""),"") | AL76: =IF(S76="","",_xlfn.CONCAT("[",S76,"]")) | AM76: =IF(U76="","",_xlfn.CONCAT("[",U76,"]")) | AN76: =IF(W76="","",_xlfn.CONCAT("[",W76,"]")) | AO76: =IF(Y76="","",_xlfn.CONCAT("[",Y76,"]")) | AP76: =IFERROR(IF(Z76<>"",_xlfn.XLOOKUP(Z76,[1]StuntDes!$B:$B,[1]StuntDes!$A:$A,""),""),"") | AQ76: =IFERROR(IF(AA76<>"",_xlfn.XLOOKUP(AA76,[1]StuntDes!$B:$B,[1]StuntDes!$A:$A,""),""),"")
A77: =C77*10+D77 -> 60621 | B77: 咒术魔偶-星级1 | C77: 6062 | D77: 1 | E77: ="[["&C77+10000&",1]]" -> [[16062,1]] | G77: =_xlfn.TEXTJOIN("|",TRUE,AH77:AJ77) | H77: =IF(R77="","",_xlfn.CONCAT("[",_xlfn.TEXTJOIN(",",TRUE,AL77:AO77),"]")) | I77: =_xlfn.TEXTJOIN("|",TRUE,AP77:AQ77) | J77: =IF(AB77="","",_xlfn.CONCAT("[",_xlfn.TEXTJOIN(",",TRUE,AE77:AG77),"]")) -> [[10307,0.25],[11039,0.1]] | K77: =_xlfn.XLOOKUP(C77,Pet!A:A,Pet!E:E) -> SR-混沌 | L77: 混沌伤害提高 | M77: 0.25 | N77: 中毒效果比例 | O77: 0.1 | AB77: =IFERROR(IF(L77<>"",_xlfn.XLOOKUP(L77,[1]AttributeName!$C:$C,[1]AttributeName!$B:$B,""),""),"") -> 10307 | AC77: =IFERROR(IF(N77<>"",_xlfn.XLOOKUP(N77,[1]AttributeName!$C:$C,[1]AttributeName!$B:$B,""),""),"") -> 11039 | AD77: =IFERROR(IF(P77<>"",_xlfn.XLOOKUP(P77,[1]AttributeName!$C:$C,[1]AttributeName!$B:$B,""),""),"") | AE77: =IF(AB77="","",_xlfn.CONCAT("[",AB77,",",M77,"]")) -> [10307,0.25] | AF77: =IF(AC77="","",_xlfn.CONCAT("[",AC77,",",O77,"]")) -> [11039,0.1] | AG77: =IF(AD77="","",_xlfn.CONCAT("[",AD77,",",Q77,"]")) | AH77: =IFERROR(IF(R77<>"",_xlfn.XLOOKUP(R77,[1]ModifierDes!$B:$B,[1]ModifierDes!$A:$A,""),""),"") | AI77: =IFERROR(IF(T77<>"",_xlfn.XLOOKUP(T77,[1]ModifierDes!$B:$B,[1]ModifierDes!$A:$A,""),""),"") | AJ77: =IFERROR(IF(V77<>"",_xlfn.XLOOKUP(V77,[1]ModifierDes!$B:$B,[1]ModifierDes!$A:$A,""),""),"") | AK77: =IFERROR(IF(X77<>"",_xlfn.XLOOKUP(X77,[1]ModifierDes!$B:$B,[1]ModifierDes!$A:$A,""),""),"") | AL77: =IF(S77="","",_xlfn.CONCAT("[",S77,"]")) | AM77: =IF(U77="","",_xlfn.CONCAT("[",U77,"]")) | AN77: =IF(W77="","",_xlfn.CONCAT("[",W77,"]")) | AO77: =IF(Y77="","",_xlfn.CONCAT("[",Y77,"]")) | AP77: =IFERROR(IF(Z77<>"",_xlfn.XLOOKUP(Z77,[1]StuntDes!$B:$B,[1]StuntDes!$A:$A,""),""),"") | AQ77: =IFERROR(IF(AA77<>"",_xlfn.XLOOKUP(AA77,[1]StuntDes!$B:$B,[1]StuntDes!$A:$A,""),""),"")
A78: =C78*10+D78 -> 60622 | B78: 咒术魔偶-星级2 | C78: 6062 | D78: 2 | E78: ="[["&C78+10000&",1]]" -> [[16062,1]] | G78: =_xlfn.TEXTJOIN("|",TRUE,AH78:AJ78) | H78: =IF(R78="","",_xlfn.CONCAT("[",_xlfn.TEXTJOIN(",",TRUE,AL78:AO78),"]")) | I78: =_xlfn.TEXTJOIN("|",TRUE,AP78:AQ78) | J78: =IF(AB78="","",_xlfn.CONCAT("[",_xlfn.TEXTJOIN(",",TRUE,AE78:AG78),"]")) -> [[10307,0.25],[11039,0.3]] | K78: =_xlfn.XLOOKUP(C78,Pet!A:A,Pet!E:E) -> SR-混沌 | L78: 混沌伤害提高 | M78: 0.25 | N78: 中毒效果比例 | O78: 0.3 | AB78: =IFERROR(IF(L78<>"",_xlfn.XLOOKUP(L78,[1]AttributeName!$C:$C,[1]AttributeName!$B:$B,""),""),"") -> 10307 | AC78: =IFERROR(IF(N78<>"",_xlfn.XLOOKUP(N78,[1]AttributeName!$C:$C,[1]AttributeName!$B:$B,""),""),"") -> 11039 | AD78: =IFERROR(IF(P78<>"",_xlfn.XLOOKUP(P78,[1]AttributeName!$C:$C,[1]AttributeName!$B:$B,""),""),"") | AE78: =IF(AB78="","",_xlfn.CONCAT("[",AB78,",",M78,"]")) -> [10307,0.25] | AF78: =IF(AC78="","",_xlfn.CONCAT("[",AC78,",",O78,"]")) -> [11039,0.3] | AG78: =IF(AD78="","",_xlfn.CONCAT("[",AD78,",",Q78,"]")) | AH78: =IFERROR(IF(R78<>"",_xlfn.XLOOKUP(R78,[1]ModifierDes!$B:$B,[1]ModifierDes!$A:$A,""),""),"") | AI78: =IFERROR(IF(T78<>"",_xlfn.XLOOKUP(T78,[1]ModifierDes!$B:$B,[1]ModifierDes!$A:$A,""),""),"") | AJ78: =IFERROR(IF(V78<>"",_xlfn.XLOOKUP(V78,[1]ModifierDes!$B:$B,[1]ModifierDes!$A:$A,""),""),"") | AK78: =IFERROR(IF(X78<>"",_xlfn.XLOOKUP(X78,[1]ModifierDes!$B:$B,[1]ModifierDes!$A:$A,""),""),"") | AL78: =IF(S78="","",_xlfn.CONCAT("[",S78,"]")) | AM78: =IF(U78="","",_xlfn.CONCAT("[",U78,"]")) | AN78: =IF(W78="","",_xlfn.CONCAT("[",W78,"]")) | AO78: =IF(Y78="","",_xlfn.CONCAT("[",Y78,"]")) | AP78: =IFERROR(IF(Z78<>"",_xlfn.XLOOKUP(Z78,[1]StuntDes!$B:$B,[1]StuntDes!$A:$A,""),""),"") | AQ78: =IFERROR(IF(AA78<>"",_xlfn.XLOOKUP(AA78,[1]StuntDes!$B:$B,[1]StuntDes!$A:$A,""),""),"")
A79: =C79*10+D79 -> 60623 | B79: 咒术魔偶-星级3 | C79: 6062 | D79: 3 | E79: ="[["&C79+10000&",1]]" -> [[16062,1]] | G79: =_xlfn.TEXTJOIN("|",TRUE,AH79:AJ79) | H79: =IF(R79="","",_xlfn.CONCAT("[",_xlfn.TEXTJOIN(",",TRUE,AL79:AO79),"]")) | I79: =_xlfn.TEXTJOIN("|",TRUE,AP79:AQ79) | J79: =IF(AB79="","",_xlfn.CONCAT("[",_xlfn.TEXTJOIN(",",TRUE,AE79:AG79),"]")) -> [[10307,0.25],[11039,0.3],[10300,0.12]] | K79: =_xlfn.XLOOKUP(C79,Pet!A:A,Pet!E:E) -> SR-混沌 | L79: 混沌伤害提高 | M79: 0.25 | N79: 中毒效果比例 | O79: 0.3 | P79: 全局伤害提高 | Q79: 0.12 | AB79: =IFERROR(IF(L79<>"",_xlfn.XLOOKUP(L79,[1]AttributeName!$C:$C,[1]AttributeName!$B:$B,""),""),"") -> 10307 | AC79: =IFERROR(IF(N79<>"",_xlfn.XLOOKUP(N79,[1]AttributeName!$C:$C,[1]AttributeName!$B:$B,""),""),"") -> 11039 | AD79: =IFERROR(IF(P79<>"",_xlfn.XLOOKUP(P79,[1]AttributeName!$C:$C,[1]AttributeName!$B:$B,""),""),"") -> 10300 | AE79: =IF(AB79="","",_xlfn.CONCAT("[",AB79,",",M79,"]")) -> [10307,0.25] | AF79: =IF(AC79="","",_xlfn.CONCAT("[",AC79,",",O79,"]")) -> [11039,0.3] | AG79: =IF(AD79="","",_xlfn.CONCAT("[",AD79,",",Q79,"]")) -> [10300,0.12] | AH79: =IFERROR(IF(R79<>"",_xlfn.XLOOKUP(R79,[1]ModifierDes!$B:$B,[1]ModifierDes!$A:$A,""),""),"") | AI79: =IFERROR(IF(T79<>"",_xlfn.XLOOKUP(T79,[1]ModifierDes!$B:$B,[1]ModifierDes!$A:$A,""),""),"") | AJ79: =IFERROR(IF(V79<>"",_xlfn.XLOOKUP(V79,[1]ModifierDes!$B:$B,[1]ModifierDes!$A:$A,""),""),"") | AK79: =IFERROR(IF(X79<>"",_xlfn.XLOOKUP(X79,[1]ModifierDes!$B:$B,[1]ModifierDes!$A:$A,""),""),"") | AL79: =IF(S79="","",_xlfn.CONCAT("[",S79,"]")) | AM79: =IF(U79="","",_xlfn.CONCAT("[",U79,"]")) | AN79: =IF(W79="","",_xlfn.CONCAT("[",W79,"]")) | AO79: =IF(Y79="","",_xlfn.CONCAT("[",Y79,"]")) | AP79: =IFERROR(IF(Z79<>"",_xlfn.XLOOKUP(Z79,[1]StuntDes!$B:$B,[1]StuntDes!$A:$A,""),""),"") | AQ79: =IFERROR(IF(AA79<>"",_xlfn.XLOOKUP(AA79,[1]StuntDes!$B:$B,[1]StuntDes!$A:$A,""),""),"")
A80: =C80*10+D80 -> 60624 | B80: 咒术魔偶-星级4 | C80: 6062 | D80: 4 | E80: ="[["&C80+10000&",1]]" -> [[16062,1]] | G80: =_xlfn.TEXTJOIN("|",TRUE,AH80:AJ80) | H80: =IF(R80="","",_xlfn.CONCAT("[",_xlfn.TEXTJOIN(",",TRUE,AL80:AO80),"]")) | I80: =_xlfn.TEXTJOIN("|",TRUE,AP80:AQ80) | J80: =IF(AB80="","",_xlfn.CONCAT("[",_xlfn.TEXTJOIN(",",TRUE,AE80:AG80),"]")) -> [[10307,0.39],[11039,0.3],[10300,0.12]] | K80: =_xlfn.XLOOKUP(C80,Pet!A:A,Pet!E:E) -> SR-混沌 | L80: 混沌伤害提高 | M80: 0.39 | N80: 中毒效果比例 | O80: 0.3 | P80: 全局伤害提高 | Q80: 0.12 | AB80: =IFERROR(IF(L80<>"",_xlfn.XLOOKUP(L80,[1]AttributeName!$C:$C,[1]AttributeName!$B:$B,""),""),"") -> 10307 | AC80: =IFERROR(IF(N80<>"",_xlfn.XLOOKUP(N80,[1]AttributeName!$C:$C,[1]AttributeName!$B:$B,""),""),"") -> 11039 | AD80: =IFERROR(IF(P80<>"",_xlfn.XLOOKUP(P80,[1]AttributeName!$C:$C,[1]AttributeName!$B:$B,""),""),"") -> 10300 | AE80: =IF(AB80="","",_xlfn.CONCAT("[",AB80,",",M80,"]")) -> [10307,0.39] | AF80: =IF(AC80="","",_xlfn.CONCAT("[",AC80,",",O80,"]")) -> [11039,0.3] | AG80: =IF(AD80="","",_xlfn.CONCAT("[",AD80,",",Q80,"]")) -> [10300,0.12] | AH80: =IFERROR(IF(R80<>"",_xlfn.XLOOKUP(R80,[1]ModifierDes!$B:$B,[1]ModifierDes!$A:$A,""),""),"") | AI80: =IFERROR(IF(T80<>"",_xlfn.XLOOKUP(T80,[1]ModifierDes!$B:$B,[1]ModifierDes!$A:$A,""),""),"") | AJ80: =IFERROR(IF(V80<>"",_xlfn.XLOOKUP(V80,[1]ModifierDes!$B:$B,[1]ModifierDes!$A:$A,""),""),"") | AK80: =IFERROR(IF(X80<>"",_xlfn.XLOOKUP(X80,[1]ModifierDes!$B:$B,[1]ModifierDes!$A:$A,""),""),"") | AL80: =IF(S80="","",_xlfn.CONCAT("[",S80,"]")) | AM80: =IF(U80="","",_xlfn.CONCAT("[",U80,"]")) | AN80: =IF(W80="","",_xlfn.CONCAT("[",W80,"]")) | AO80: =IF(Y80="","",_xlfn.CONCAT("[",Y80,"]")) | AP80: =IFERROR(IF(Z80<>"",_xlfn.XLOOKUP(Z80,[1]StuntDes!$B:$B,[1]StuntDes!$A:$A,""),""),"") | AQ80: =IFERROR(IF(AA80<>"",_xlfn.XLOOKUP(AA80,[1]StuntDes!$B:$B,[1]StuntDes!$A:$A,""),""),"")
A81: =C81*10+D81 -> 60625 | B81: 咒术魔偶-星级5 | C81: 6062 | D81: 5 | G81: =_xlfn.TEXTJOIN("|",TRUE,AH81:AJ81) | H81: =IF(R81="","",_xlfn.CONCAT("[",_xlfn.TEXTJOIN(",",TRUE,AL81:AO81),"]")) | I81: =_xlfn.TEXTJOIN("|",TRUE,AP81:AQ81) | J81: =IF(AB81="","",_xlfn.CONCAT("[",_xlfn.TEXTJOIN(",",TRUE,AE81:AG81),"]")) -> [[10307,0.39],[11039,0.62],[10300,0.12]] | K81: =_xlfn.XLOOKUP(C81,Pet!A:A,Pet!E:E) -> SR-混沌 | L81: 混沌伤害提高 | M81: 0.39 | N81: 中毒效果比例 | O81: 0.62 | P81: 全局伤害提高 | Q81: 0.12 | AB81: =IFERROR(IF(L81<>"",_xlfn.XLOOKUP(L81,[1]AttributeName!$C:$C,[1]AttributeName!$B:$B,""),""),"") -> 10307 | AC81: =IFERROR(IF(N81<>"",_xlfn.XLOOKUP(N81,[1]AttributeName!$C:$C,[1]AttributeName!$B:$B,""),""),"") -> 11039 | AD81: =IFERROR(IF(P81<>"",_xlfn.XLOOKUP(P81,[1]AttributeName!$C:$C,[1]AttributeName!$B:$B,""),""),"") -> 10300 | AE81: =IF(AB81="","",_xlfn.CONCAT("[",AB81,",",M81,"]")) -> [10307,0.39] | AF81: =IF(AC81="","",_xlfn.CONCAT("[",AC81,",",O81,"]")) -> [11039,0.62] | AG81: =IF(AD81="","",_xlfn.CONCAT("[",AD81,",",Q81,"]")) -> [10300,0.12] | AH81: =IFERROR(IF(R81<>"",_xlfn.XLOOKUP(R81,[1]ModifierDes!$B:$B,[1]ModifierDes!$A:$A,""),""),"") | AI81: =IFERROR(IF(T81<>"",_xlfn.XLOOKUP(T81,[1]ModifierDes!$B:$B,[1]ModifierDes!$A:$A,""),""),"") | AJ81: =IFERROR(IF(V81<>"",_xlfn.XLOOKUP(V81,[1]ModifierDes!$B:$B,[1]ModifierDes!$A:$A,""),""),"") | AK81: =IFERROR(IF(X81<>"",_xlfn.XLOOKUP(X81,[1]ModifierDes!$B:$B,[1]ModifierDes!$A:$A,""),""),"") | AL81: =IF(S81="","",_xlfn.CONCAT("[",S81,"]")) | AM81: =IF(U81="","",_xlfn.CONCAT("[",U81,"]")) | AN81: =IF(W81="","",_xlfn.CONCAT("[",W81,"]")) | AO81: =IF(Y81="","",_xlfn.CONCAT("[",Y81,"]")) | AP81: =IFERROR(IF(Z81<>"",_xlfn.XLOOKUP(Z81,[1]StuntDes!$B:$B,[1]StuntDes!$A:$A,""),""),"") | AQ81: =IFERROR(IF(AA81<>"",_xlfn.XLOOKUP(AA81,[1]StuntDes!$B:$B,[1]StuntDes!$A:$A,""),""),"")
A82: =C82*10+D82 -> 60920 | B82: 剧团魔影-星级0 | C82: 6092 | D82: 0 | E82: ="[["&C82+10000&",1]]" -> [[16092,1]] | G82: =_xlfn.TEXTJOIN("|",TRUE,AH82:AJ82) | H82: =IF(R82="","",_xlfn.CONCAT("[",_xlfn.TEXTJOIN(",",TRUE,AL82:AO82),"]")) | I82: =_xlfn.TEXTJOIN("|",TRUE,AP82:AQ82) | J82: =IF(AB82="","",_xlfn.CONCAT("[",_xlfn.TEXTJOIN(",",TRUE,AE82:AG82),"]")) -> [[10304,0.1],[11007,0.1]] | K82: =_xlfn.XLOOKUP(C82,Pet!A:A,Pet!E:E) -> SR-火焰 | L82: 火焰伤害提高 | M82: 0.1 | N82: 点燃效果比例 | O82: 0.1 | AB82: =IFERROR(IF(L82<>"",_xlfn.XLOOKUP(L82,[1]AttributeName!$C:$C,[1]AttributeName!$B:$B,""),""),"") -> 10304 | AC82: =IFERROR(IF(N82<>"",_xlfn.XLOOKUP(N82,[1]AttributeName!$C:$C,[1]AttributeName!$B:$B,""),""),"") -> 11007 | AD82: =IFERROR(IF(P82<>"",_xlfn.XLOOKUP(P82,[1]AttributeName!$C:$C,[1]AttributeName!$B:$B,""),""),"") | AE82: =IF(AB82="","",_xlfn.CONCAT("[",AB82,",",M82,"]")) -> [10304,0.1] | AF82: =IF(AC82="","",_xlfn.CONCAT("[",AC82,",",O82,"]")) -> [11007,0.1] | AG82: =IF(AD82="","",_xlfn.CONCAT("[",AD82,",",Q82,"]")) | AH82: =IFERROR(IF(R82<>"",_xlfn.XLOOKUP(R82,[1]ModifierDes!$B:$B,[1]ModifierDes!$A:$A,""),""),"") | AI82: =IFERROR(IF(T82<>"",_xlfn.XLOOKUP(T82,[1]ModifierDes!$B:$B,[1]ModifierDes!$A:$A,""),""),"") | AJ82: =IFERROR(IF(V82<>"",_xlfn.XLOOKUP(V82,[1]ModifierDes!$B:$B,[1]ModifierDes!$A:$A,""),""),"") | AK82: =IFERROR(IF(X82<>"",_xlfn.XLOOKUP(X82,[1]ModifierDes!$B:$B,[1]ModifierDes!$A:$A,""),""),"") | AL82: =IF(S82="","",_xlfn.CONCAT("[",S82,"]")) | AM82: =IF(U82="","",_xlfn.CONCAT("[",U82,"]")) | AN82: =IF(W82="","",_xlfn.CONCAT("[",W82,"]")) | AO82: =IF(Y82="","",_xlfn.CONCAT("[",Y82,"]")) | AP82: =IFERROR(IF(Z82<>"",_xlfn.XLOOKUP(Z82,[1]StuntDes!$B:$B,[1]StuntDes!$A:$A,""),""),"") | AQ82: =IFERROR(IF(AA82<>"",_xlfn.XLOOKUP(AA82,[1]StuntDes!$B:$B,[1]StuntDes!$A:$A,""),""),"")
A83: =C83*10+D83 -> 60921 | B83: 剧团魔影-星级1 | C83: 6092 | D83: 1 | E83: ="[["&C83+10000&",1]]" -> [[16092,1]] | G83: =_xlfn.TEXTJOIN("|",TRUE,AH83:AJ83) | H83: =IF(R83="","",_xlfn.CONCAT("[",_xlfn.TEXTJOIN(",",TRUE,AL83:AO83),"]")) | I83: =_xlfn.TEXTJOIN("|",TRUE,AP83:AQ83) | J83: =IF(AB83="","",_xlfn.CONCAT("[",_xlfn.TEXTJOIN(",",TRUE,AE83:AG83),"]")) -> [[10304,0.25],[11007,0.1]] | K83: =_xlfn.XLOOKUP(C83,Pet!A:A,Pet!E:E) -> SR-火焰 | L83: 火焰伤害提高 | M83: 0.25 | N83: 点燃效果比例 | O83: 0.1 | AB83: =IFERROR(IF(L83<>"",_xlfn.XLOOKUP(L83,[1]AttributeName!$C:$C,[1]AttributeName!$B:$B,""),""),"") -> 10304 | AC83: =IFERROR(IF(N83<>"",_xlfn.XLOOKUP(N83,[1]AttributeName!$C:$C,[1]AttributeName!$B:$B,""),""),"") -> 11007 | AD83: =IFERROR(IF(P83<>"",_xlfn.XLOOKUP(P83,[1]AttributeName!$C:$C,[1]AttributeName!$B:$B,""),""),"") | AE83: =IF(AB83="","",_xlfn.CONCAT("[",AB83,",",M83,"]")) -> [10304,0.25] | AF83: =IF(AC83="","",_xlfn.CONCAT("[",AC83,",",O83,"]")) -> [11007,0.1] | AG83: =IF(AD83="","",_xlfn.CONCAT("[",AD83,",",Q83,"]")) | AH83: =IFERROR(IF(R83<>"",_xlfn.XLOOKUP(R83,[1]ModifierDes!$B:$B,[1]ModifierDes!$A:$A,""),""),"") | AI83: =IFERROR(IF(T83<>"",_xlfn.XLOOKUP(T83,[1]ModifierDes!$B:$B,[1]ModifierDes!$A:$A,""),""),"") | AJ83: =IFERROR(IF(V83<>"",_xlfn.XLOOKUP(V83,[1]ModifierDes!$B:$B,[1]ModifierDes!$A:$A,""),""),"") | AK83: =IFERROR(IF(X83<>"",_xlfn.XLOOKUP(X83,[1]ModifierDes!$B:$B,[1]ModifierDes!$A:$A,""),""),"") | AL83: =IF(S83="","",_xlfn.CONCAT("[",S83,"]")) | AM83: =IF(U83="","",_xlfn.CONCAT("[",U83,"]")) | AN83: =IF(W83="","",_xlfn.CONCAT("[",W83,"]")) | AO83: =IF(Y83="","",_xlfn.CONCAT("[",Y83,"]")) | AP83: =IFERROR(IF(Z83<>"",_xlfn.XLOOKUP(Z83,[1]StuntDes!$B:$B,[1]StuntDes!$A:$A,""),""),"") | AQ83: =IFERROR(IF(AA83<>"",_xlfn.XLOOKUP(AA83,[1]StuntDes!$B:$B,[1]StuntDes!$A:$A,""),""),"")
A84: =C84*10+D84 -> 60922 | B84: 剧团魔影-星级2 | C84: 6092 | D84: 2 | E84: ="[["&C84+10000&",1]]" -> [[16092,1]] | G84: =_xlfn.TEXTJOIN("|",TRUE,AH84:AJ84) | H84: =IF(R84="","",_xlfn.CONCAT("[",_xlfn.TEXTJOIN(",",TRUE,AL84:AO84),"]")) | I84: =_xlfn.TEXTJOIN("|",TRUE,AP84:AQ84) | J84: =IF(AB84="","",_xlfn.CONCAT("[",_xlfn.TEXTJOIN(",",TRUE,AE84:AG84),"]")) -> [[10304,0.25],[11007,0.3]] | K84: =_xlfn.XLOOKUP(C84,Pet!A:A,Pet!E:E) -> SR-火焰 | L84: 火焰伤害提高 | M84: 0.25 | N84: 点燃效果比例 | O84: 0.3 | AB84: =IFERROR(IF(L84<>"",_xlfn.XLOOKUP(L84,[1]AttributeName!$C:$C,[1]AttributeName!$B:$B,""),""),"") -> 10304 | AC84: =IFERROR(IF(N84<>"",_xlfn.XLOOKUP(N84,[1]AttributeName!$C:$C,[1]AttributeName!$B:$B,""),""),"") -> 11007 | AD84: =IFERROR(IF(P84<>"",_xlfn.XLOOKUP(P84,[1]AttributeName!$C:$C,[1]AttributeName!$B:$B,""),""),"") | AE84: =IF(AB84="","",_xlfn.CONCAT("[",AB84,",",M84,"]")) -> [10304,0.25] | AF84: =IF(AC84="","",_xlfn.CONCAT("[",AC84,",",O84,"]")) -> [11007,0.3] | AG84: =IF(AD84="","",_xlfn.CONCAT("[",AD84,",",Q84,"]")) | AH84: =IFERROR(IF(R84<>"",_xlfn.XLOOKUP(R84,[1]ModifierDes!$B:$B,[1]ModifierDes!$A:$A,""),""),"") | AI84: =IFERROR(IF(T84<>"",_xlfn.XLOOKUP(T84,[1]ModifierDes!$B:$B,[1]ModifierDes!$A:$A,""),""),"") | AJ84: =IFERROR(IF(V84<>"",_xlfn.XLOOKUP(V84,[1]ModifierDes!$B:$B,[1]ModifierDes!$A:$A,""),""),"") | AK84: =IFERROR(IF(X84<>"",_xlfn.XLOOKUP(X84,[1]ModifierDes!$B:$B,[1]ModifierDes!$A:$A,""),""),"") | AL84: =IF(S84="","",_xlfn.CONCAT("[",S84,"]")) | AM84: =IF(U84="","",_xlfn.CONCAT("[",U84,"]")) | AN84: =IF(W84="","",_xlfn.CONCAT("[",W84,"]")) | AO84: =IF(Y84="","",_xlfn.CONCAT("[",Y84,"]")) | AP84: =IFERROR(IF(Z84<>"",_xlfn.XLOOKUP(Z84,[1]StuntDes!$B:$B,[1]StuntDes!$A:$A,""),""),"") | AQ84: =IFERROR(IF(AA84<>"",_xlfn.XLOOKUP(AA84,[1]StuntDes!$B:$B,[1]StuntDes!$A:$A,""),""),"")
A85: =C85*10+D85 -> 60923 | B85: 剧团魔影-星级3 | C85: 6092 | D85: 3 | E85: ="[["&C85+10000&",1]]" -> [[16092,1]] | G85: =_xlfn.TEXTJOIN("|",TRUE,AH85:AJ85) | H85: =IF(R85="","",_xlfn.CONCAT("[",_xlfn.TEXTJOIN(",",TRUE,AL85:AO85),"]")) | I85: =_xlfn.TEXTJOIN("|",TRUE,AP85:AQ85) | J85: =IF(AB85="","",_xlfn.CONCAT("[",_xlfn.TEXTJOIN(",",TRUE,AE85:AG85),"]")) -> [[10304,0.25],[11007,0.3],[10300,0.12]] | K85: =_xlfn.XLOOKUP(C85,Pet!A:A,Pet!E:E) -> SR-火焰 | L85: 火焰伤害提高 | M85: 0.25 | N85: 点燃效果比例 | O85: 0.3 | P85: 全局伤害提高 | Q85: 0.12 | AB85: =IFERROR(IF(L85<>"",_xlfn.XLOOKUP(L85,[1]AttributeName!$C:$C,[1]AttributeName!$B:$B,""),""),"") -> 10304 | AC85: =IFERROR(IF(N85<>"",_xlfn.XLOOKUP(N85,[1]AttributeName!$C:$C,[1]AttributeName!$B:$B,""),""),"") -> 11007 | AD85: =IFERROR(IF(P85<>"",_xlfn.XLOOKUP(P85,[1]AttributeName!$C:$C,[1]AttributeName!$B:$B,""),""),"") -> 10300 | AE85: =IF(AB85="","",_xlfn.CONCAT("[",AB85,",",M85,"]")) -> [10304,0.25] | AF85: =IF(AC85="","",_xlfn.CONCAT("[",AC85,",",O85,"]")) -> [11007,0.3] | AG85: =IF(AD85="","",_xlfn.CONCAT("[",AD85,",",Q85,"]")) -> [10300,0.12] | AH85: =IFERROR(IF(R85<>"",_xlfn.XLOOKUP(R85,[1]ModifierDes!$B:$B,[1]ModifierDes!$A:$A,""),""),"") | AI85: =IFERROR(IF(T85<>"",_xlfn.XLOOKUP(T85,[1]ModifierDes!$B:$B,[1]ModifierDes!$A:$A,""),""),"") | AJ85: =IFERROR(IF(V85<>"",_xlfn.XLOOKUP(V85,[1]ModifierDes!$B:$B,[1]ModifierDes!$A:$A,""),""),"") | AK85: =IFERROR(IF(X85<>"",_xlfn.XLOOKUP(X85,[1]ModifierDes!$B:$B,[1]ModifierDes!$A:$A,""),""),"") | AL85: =IF(S85="","",_xlfn.CONCAT("[",S85,"]")) | AM85: =IF(U85="","",_xlfn.CONCAT("[",U85,"]")) | AN85: =IF(W85="","",_xlfn.CONCAT("[",W85,"]")) | AO85: =IF(Y85="","",_xlfn.CONCAT("[",Y85,"]")) | AP85: =IFERROR(IF(Z85<>"",_xlfn.XLOOKUP(Z85,[1]StuntDes!$B:$B,[1]StuntDes!$A:$A,""),""),"") | AQ85: =IFERROR(IF(AA85<>"",_xlfn.XLOOKUP(AA85,[1]StuntDes!$B:$B,[1]StuntDes!$A:$A,""),""),"")
A86: =C86*10+D86 -> 60924 | B86: 剧团魔影-星级4 | C86: 6092 | D86: 4 | E86: ="[["&C86+10000&",1]]" -> [[16092,1]] | G86: =_xlfn.TEXTJOIN("|",TRUE,AH86:AJ86) | H86: =IF(R86="","",_xlfn.CONCAT("[",_xlfn.TEXTJOIN(",",TRUE,AL86:AO86),"]")) | I86: =_xlfn.TEXTJOIN("|",TRUE,AP86:AQ86) | J86: =IF(AB86="","",_xlfn.CONCAT("[",_xlfn.TEXTJOIN(",",TRUE,AE86:AG86),"]")) -> [[10304,0.39],[11007,0.3],[10300,0.12]] | K86: =_xlfn.XLOOKUP(C86,Pet!A:A,Pet!E:E) -> SR-火焰 | L86: 火焰伤害提高 | M86: 0.39 | N86: 点燃效果比例 | O86: 0.3 | P86: 全局伤害提高 | Q86: 0.12 | AB86: =IFERROR(IF(L86<>"",_xlfn.XLOOKUP(L86,[1]AttributeName!$C:$C,[1]AttributeName!$B:$B,""),""),"") -> 10304 | AC86: =IFERROR(IF(N86<>"",_xlfn.XLOOKUP(N86,[1]AttributeName!$C:$C,[1]AttributeName!$B:$B,""),""),"") -> 11007 | AD86: =IFERROR(IF(P86<>"",_xlfn.XLOOKUP(P86,[1]AttributeName!$C:$C,[1]AttributeName!$B:$B,""),""),"") -> 10300 | AE86: =IF(AB86="","",_xlfn.CONCAT("[",AB86,",",M86,"]")) -> [10304,0.39] | AF86: =IF(AC86="","",_xlfn.CONCAT("[",AC86,",",O86,"]")) -> [11007,0.3] | AG86: =IF(AD86="","",_xlfn.CONCAT("[",AD86,",",Q86,"]")) -> [10300,0.12] | AH86: =IFERROR(IF(R86<>"",_xlfn.XLOOKUP(R86,[1]ModifierDes!$B:$B,[1]ModifierDes!$A:$A,""),""),"") | AI86: =IFERROR(IF(T86<>"",_xlfn.XLOOKUP(T86,[1]ModifierDes!$B:$B,[1]ModifierDes!$A:$A,""),""),"") | AJ86: =IFERROR(IF(V86<>"",_xlfn.XLOOKUP(V86,[1]ModifierDes!$B:$B,[1]ModifierDes!$A:$A,""),""),"") | AK86: =IFERROR(IF(X86<>"",_xlfn.XLOOKUP(X86,[1]ModifierDes!$B:$B,[1]ModifierDes!$A:$A,""),""),"") | AL86: =IF(S86="","",_xlfn.CONCAT("[",S86,"]")) | AM86: =IF(U86="","",_xlfn.CONCAT("[",U86,"]")) | AN86: =IF(W86="","",_xlfn.CONCAT("[",W86,"]")) | AO86: =IF(Y86="","",_xlfn.CONCAT("[",Y86,"]")) | AP86: =IFERROR(IF(Z86<>"",_xlfn.XLOOKUP(Z86,[1]StuntDes!$B:$B,[1]StuntDes!$A:$A,""),""),"") | AQ86: =IFERROR(IF(AA86<>"",_xlfn.XLOOKUP(AA86,[1]StuntDes!$B:$B,[1]StuntDes!$A:$A,""),""),"")
A87: =C87*10+D87 -> 60925 | B87: 剧团魔影-星级5 | C87: 6092 | D87: 5 | G87: =_xlfn.TEXTJOIN("|",TRUE,AH87:AJ87) | H87: =IF(R87="","",_xlfn.CONCAT("[",_xlfn.TEXTJOIN(",",TRUE,AL87:AO87),"]")) | I87: =_xlfn.TEXTJOIN("|",TRUE,AP87:AQ87) | J87: =IF(AB87="","",_xlfn.CONCAT("[",_xlfn.TEXTJOIN(",",TRUE,AE87:AG87),"]")) -> [[10304,0.39],[11007,0.62],[10300,0.12]] | K87: =_xlfn.XLOOKUP(C87,Pet!A:A,Pet!E:E) -> SR-火焰 | L87: 火焰伤害提高 | M87: 0.39 | N87: 点燃效果比例 | O87: 0.62 | P87: 全局伤害提高 | Q87: 0.12 | AB87: =IFERROR(IF(L87<>"",_xlfn.XLOOKUP(L87,[1]AttributeName!$C:$C,[1]AttributeName!$B:$B,""),""),"") -> 10304 | AC87: =IFERROR(IF(N87<>"",_xlfn.XLOOKUP(N87,[1]AttributeName!$C:$C,[1]AttributeName!$B:$B,""),""),"") -> 11007 | AD87: =IFERROR(IF(P87<>"",_xlfn.XLOOKUP(P87,[1]AttributeName!$C:$C,[1]AttributeName!$B:$B,""),""),"") -> 10300 | AE87: =IF(AB87="","",_xlfn.CONCAT("[",AB87,",",M87,"]")) -> [10304,0.39] | AF87: =IF(AC87="","",_xlfn.CONCAT("[",AC87,",",O87,"]")) -> [11007,0.62] | AG87: =IF(AD87="","",_xlfn.CONCAT("[",AD87,",",Q87,"]")) -> [10300,0.12] | AH87: =IFERROR(IF(R87<>"",_xlfn.XLOOKUP(R87,[1]ModifierDes!$B:$B,[1]ModifierDes!$A:$A,""),""),"") | AI87: =IFERROR(IF(T87<>"",_xlfn.XLOOKUP(T87,[1]ModifierDes!$B:$B,[1]ModifierDes!$A:$A,""),""),"") | AJ87: =IFERROR(IF(V87<>"",_xlfn.XLOOKUP(V87,[1]ModifierDes!$B:$B,[1]ModifierDes!$A:$A,""),""),"") | AK87: =IFERROR(IF(X87<>"",_xlfn.XLOOKUP(X87,[1]ModifierDes!$B:$B,[1]ModifierDes!$A:$A,""),""),"") | AL87: =IF(S87="","",_xlfn.CONCAT("[",S87,"]")) | AM87: =IF(U87="","",_xlfn.CONCAT("[",U87,"]")) | AN87: =IF(W87="","",_xlfn.CONCAT("[",W87,"]")) | AO87: =IF(Y87="","",_xlfn.CONCAT("[",Y87,"]")) | AP87: =IFERROR(IF(Z87<>"",_xlfn.XLOOKUP(Z87,[1]StuntDes!$B:$B,[1]StuntDes!$A:$A,""),""),"") | AQ87: =IFERROR(IF(AA87<>"",_xlfn.XLOOKUP(AA87,[1]StuntDes!$B:$B,[1]StuntDes!$A:$A,""),""),"")
A88: =C88*10+D88 -> 60320 | B88: 蜂行者-星级0 | C88: 6032 | D88: 0 | E88: ="[["&C88+10000&",1]]" -> [[16032,1]] | G88: =_xlfn.TEXTJOIN("|",TRUE,AH88:AJ88) -> 10063|10080 | H88: =IF(R88="","",_xlfn.CONCAT("[",_xlfn.TEXTJOIN(",",TRUE,AL88:AO88),"]")) -> [[0.09],[0.04]] | I88: =_xlfn.TEXTJOIN("|",TRUE,AP88:AQ88) | J88: =IF(AB88="","",_xlfn.CONCAT("[",_xlfn.TEXTJOIN(",",TRUE,AE88:AG88),"]")) | K88: =_xlfn.XLOOKUP(C88,Pet!A:A,Pet!E:E) -> SR-近战 | R88: 近战伤害提高 | S88: 0.09 | T88: 近战技能范围效果提高 | U88: 0.04 | AB88: =IFERROR(IF(L88<>"",_xlfn.XLOOKUP(L88,[1]AttributeName!$C:$C,[1]AttributeName!$B:$B,""),""),"") | AC88: =IFERROR(IF(N88<>"",_xlfn.XLOOKUP(N88,[1]AttributeName!$C:$C,[1]AttributeName!$B:$B,""),""),"") | AD88: =IFERROR(IF(P88<>"",_xlfn.XLOOKUP(P88,[1]AttributeName!$C:$C,[1]AttributeName!$B:$B,""),""),"") | AE88: =IF(AB88="","",_xlfn.CONCAT("[",AB88,",",M88,"]")) | AF88: =IF(AC88="","",_xlfn.CONCAT("[",AC88,",",O88,"]")) | AG88: =IF(AD88="","",_xlfn.CONCAT("[",AD88,",",Q88,"]")) | AH88: =IFERROR(IF(R88<>"",_xlfn.XLOOKUP(R88,[1]ModifierDes!$B:$B,[1]ModifierDes!$A:$A,""),""),"") -> 10063 | AI88: =IFERROR(IF(T88<>"",_xlfn.XLOOKUP(T88,[1]ModifierDes!$B:$B,[1]ModifierDes!$A:$A,""),""),"") -> 10080 | AJ88: =IFERROR(IF(V88<>"",_xlfn.XLOOKUP(V88,[1]ModifierDes!$B:$B,[1]ModifierDes!$A:$A,""),""),"") | AK88: =IFERROR(IF(X88<>"",_xlfn.XLOOKUP(X88,[1]ModifierDes!$B:$B,[1]ModifierDes!$A:$A,""),""),"") | AL88: =IF(S88="","",_xlfn.CONCAT("[",S88,"]")) -> [0.09] | AM88: =IF(U88="","",_xlfn.CONCAT("[",U88,"]")) -> [0.04] | AN88: =IF(W88="","",_xlfn.CONCAT("[",W88,"]")) | AO88: =IF(Y88="","",_xlfn.CONCAT("[",Y88,"]")) | AP88: =IFERROR(IF(Z88<>"",_xlfn.XLOOKUP(Z88,[1]StuntDes!$B:$B,[1]StuntDes!$A:$A,""),""),"") | AQ88: =IFERROR(IF(AA88<>"",_xlfn.XLOOKUP(AA88,[1]StuntDes!$B:$B,[1]StuntDes!$A:$A,""),""),"")
A89: =C89*10+D89 -> 60321 | B89: 蜂行者-星级1 | C89: 6032 | D89: 1 | E89: ="[["&C89+10000&",1]]" -> [[16032,1]] | G89: =_xlfn.TEXTJOIN("|",TRUE,AH89:AJ89) -> 10063|10080 | H89: =IF(R89="","",_xlfn.CONCAT("[",_xlfn.TEXTJOIN(",",TRUE,AL89:AO89),"]")) -> [[0.17],[0.04]] | I89: =_xlfn.TEXTJOIN("|",TRUE,AP89:AQ89) | J89: =IF(AB89="","",_xlfn.CONCAT("[",_xlfn.TEXTJOIN(",",TRUE,AE89:AG89),"]")) | K89: =_xlfn.XLOOKUP(C89,Pet!A:A,Pet!E:E) -> SR-近战 | R89: 近战伤害提高 | S89: 0.17 | T89: 近战技能范围效果提高 | U89: 0.04 | AB89: =IFERROR(IF(L89<>"",_xlfn.XLOOKUP(L89,[1]AttributeName!$C:$C,[1]AttributeName!$B:$B,""),""),"") | AC89: =IFERROR(IF(N89<>"",_xlfn.XLOOKUP(N89,[1]AttributeName!$C:$C,[1]AttributeName!$B:$B,""),""),"") | AD89: =IFERROR(IF(P89<>"",_xlfn.XLOOKUP(P89,[1]AttributeName!$C:$C,[1]AttributeName!$B:$B,""),""),"") | AE89: =IF(AB89="","",_xlfn.CONCAT("[",AB89,",",M89,"]")) | AF89: =IF(AC89="","",_xlfn.CONCAT("[",AC89,",",O89,"]")) | AG89: =IF(AD89="","",_xlfn.CONCAT("[",AD89,",",Q89,"]")) | AH89: =IFERROR(IF(R89<>"",_xlfn.XLOOKUP(R89,[1]ModifierDes!$B:$B,[1]ModifierDes!$A:$A,""),""),"") -> 10063 | AI89: =IFERROR(IF(T89<>"",_xlfn.XLOOKUP(T89,[1]ModifierDes!$B:$B,[1]ModifierDes!$A:$A,""),""),"") -> 10080 | AJ89: =IFERROR(IF(V89<>"",_xlfn.XLOOKUP(V89,[1]ModifierDes!$B:$B,[1]ModifierDes!$A:$A,""),""),"") | AK89: =IFERROR(IF(X89<>"",_xlfn.XLOOKUP(X89,[1]ModifierDes!$B:$B,[1]ModifierDes!$A:$A,""),""),"") | AL89: =IF(S89="","",_xlfn.CONCAT("[",S89,"]")) -> [0.17] | AM89: =IF(U89="","",_xlfn.CONCAT("[",U89,"]")) -> [0.04] | AN89: =IF(W89="","",_xlfn.CONCAT("[",W89,"]")) | AO89: =IF(Y89="","",_xlfn.CONCAT("[",Y89,"]")) | AP89: =IFERROR(IF(Z89<>"",_xlfn.XLOOKUP(Z89,[1]StuntDes!$B:$B,[1]StuntDes!$A:$A,""),""),"") | AQ89: =IFERROR(IF(AA89<>"",_xlfn.XLOOKUP(AA89,[1]StuntDes!$B:$B,[1]StuntDes!$A:$A,""),""),"")
A90: =C90*10+D90 -> 60322 | B90: 蜂行者-星级2 | C90: 6032 | D90: 2 | E90: ="[["&C90+10000&",1]]" -> [[16032,1]] | G90: =_xlfn.TEXTJOIN("|",TRUE,AH90:AJ90) -> 10063|10080 | H90: =IF(R90="","",_xlfn.CONCAT("[",_xlfn.TEXTJOIN(",",TRUE,AL90:AO90),"]")) -> [[0.17],[0.12]] | I90: =_xlfn.TEXTJOIN("|",TRUE,AP90:AQ90) | J90: =IF(AB90="","",_xlfn.CONCAT("[",_xlfn.TEXTJOIN(",",TRUE,AE90:AG90),"]")) | K90: =_xlfn.XLOOKUP(C90,Pet!A:A,Pet!E:E) -> SR-近战 | R90: 近战伤害提高 | S90: 0.17 | T90: 近战技能范围效果提高 | U90: 0.12 | AB90: =IFERROR(IF(L90<>"",_xlfn.XLOOKUP(L90,[1]AttributeName!$C:$C,[1]AttributeName!$B:$B,""),""),"") | AC90: =IFERROR(IF(N90<>"",_xlfn.XLOOKUP(N90,[1]AttributeName!$C:$C,[1]AttributeName!$B:$B,""),""),"") | AD90: =IFERROR(IF(P90<>"",_xlfn.XLOOKUP(P90,[1]AttributeName!$C:$C,[1]AttributeName!$B:$B,""),""),"") | AE90: =IF(AB90="","",_xlfn.CONCAT("[",AB90,",",M90,"]")) | AF90: =IF(AC90="","",_xlfn.CONCAT("[",AC90,",",O90,"]")) | AG90: =IF(AD90="","",_xlfn.CONCAT("[",AD90,",",Q90,"]")) | AH90: =IFERROR(IF(R90<>"",_xlfn.XLOOKUP(R90,[1]ModifierDes!$B:$B,[1]ModifierDes!$A:$A,""),""),"") -> 10063 | AI90: =IFERROR(IF(T90<>"",_xlfn.XLOOKUP(T90,[1]ModifierDes!$B:$B,[1]ModifierDes!$A:$A,""),""),"") -> 10080 | AJ90: =IFERROR(IF(V90<>"",_xlfn.XLOOKUP(V90,[1]ModifierDes!$B:$B,[1]ModifierDes!$A:$A,""),""),"") | AK90: =IFERROR(IF(X90<>"",_xlfn.XLOOKUP(X90,[1]ModifierDes!$B:$B,[1]ModifierDes!$A:$A,""),""),"") | AL90: =IF(S90="","",_xlfn.CONCAT("[",S90,"]")) -> [0.17] | AM90: =IF(U90="","",_xlfn.CONCAT("[",U90,"]")) -> [0.12] | AN90: =IF(W90="","",_xlfn.CONCAT("[",W90,"]")) | AO90: =IF(Y90="","",_xlfn.CONCAT("[",Y90,"]")) | AP90: =IFERROR(IF(Z90<>"",_xlfn.XLOOKUP(Z90,[1]StuntDes!$B:$B,[1]StuntDes!$A:$A,""),""),"") | AQ90: =IFERROR(IF(AA90<>"",_xlfn.XLOOKUP(AA90,[1]StuntDes!$B:$B,[1]StuntDes!$A:$A,""),""),"")
A91: =C91*10+D91 -> 60323 | B91: 蜂行者-星级3 | C91: 6032 | D91: 3 | E91: ="[["&C91+10000&",1]]" -> [[16032,1]] | G91: =_xlfn.TEXTJOIN("|",TRUE,AH91:AJ91) -> 10063|10080 | H91: =IF(R91="","",_xlfn.CONCAT("[",_xlfn.TEXTJOIN(",",TRUE,AL91:AO91),"]")) -> [[0.17],[0.12]] | I91: =_xlfn.TEXTJOIN("|",TRUE,AP91:AQ91) | J91: =IF(AB91="","",_xlfn.CONCAT("[",_xlfn.TEXTJOIN(",",TRUE,AE91:AG91),"]")) -> [[10300,0.12]] | K91: =_xlfn.XLOOKUP(C91,Pet!A:A,Pet!E:E) -> SR-近战 | L91: 全局伤害提高 | M91: 0.12 | R91: 近战伤害提高 | S91: 0.17 | T91: 近战技能范围效果提高 | U91: 0.12 | AB91: =IFERROR(IF(L91<>"",_xlfn.XLOOKUP(L91,[1]AttributeName!$C:$C,[1]AttributeName!$B:$B,""),""),"") -> 10300 | AC91: =IFERROR(IF(N91<>"",_xlfn.XLOOKUP(N91,[1]AttributeName!$C:$C,[1]AttributeName!$B:$B,""),""),"") | AD91: =IFERROR(IF(P91<>"",_xlfn.XLOOKUP(P91,[1]AttributeName!$C:$C,[1]AttributeName!$B:$B,""),""),"") | AE91: =IF(AB91="","",_xlfn.CONCAT("[",AB91,",",M91,"]")) -> [10300,0.12] | AF91: =IF(AC91="","",_xlfn.CONCAT("[",AC91,",",O91,"]")) | AG91: =IF(AD91="","",_xlfn.CONCAT("[",AD91,",",Q91,"]")) | AH91: =IFERROR(IF(R91<>"",_xlfn.XLOOKUP(R91,[1]ModifierDes!$B:$B,[1]ModifierDes!$A:$A,""),""),"") -> 10063 | AI91: =IFERROR(IF(T91<>"",_xlfn.XLOOKUP(T91,[1]ModifierDes!$B:$B,[1]ModifierDes!$A:$A,""),""),"") -> 10080 | AJ91: =IFERROR(IF(V91<>"",_xlfn.XLOOKUP(V91,[1]ModifierDes!$B:$B,[1]ModifierDes!$A:$A,""),""),"") | AK91: =IFERROR(IF(X91<>"",_xlfn.XLOOKUP(X91,[1]ModifierDes!$B:$B,[1]ModifierDes!$A:$A,""),""),"") | AL91: =IF(S91="","",_xlfn.CONCAT("[",S91,"]")) -> [0.17] | AM91: =IF(U91="","",_xlfn.CONCAT("[",U91,"]")) -> [0.12] | AN91: =IF(W91="","",_xlfn.CONCAT("[",W91,"]")) | AO91: =IF(Y91="","",_xlfn.CONCAT("[",Y91,"]")) | AP91: =IFERROR(IF(Z91<>"",_xlfn.XLOOKUP(Z91,[1]StuntDes!$B:$B,[1]StuntDes!$A:$A,""),""),"") | AQ91: =IFERROR(IF(AA91<>"",_xlfn.XLOOKUP(AA91,[1]StuntDes!$B:$B,[1]StuntDes!$A:$A,""),""),"")
A92: =C92*10+D92 -> 60324 | B92: 蜂行者-星级4 | C92: 6032 | D92: 4 | E92: ="[["&C92+10000&",1]]" -> [[16032,1]] | G92: =_xlfn.TEXTJOIN("|",TRUE,AH92:AJ92) -> 10063|10080 | H92: =IF(R92="","",_xlfn.CONCAT("[",_xlfn.TEXTJOIN(",",TRUE,AL92:AO92),"]")) -> [[0.32],[0.12]] | I92: =_xlfn.TEXTJOIN("|",TRUE,AP92:AQ92) | J92: =IF(AB92="","",_xlfn.CONCAT("[",_xlfn.TEXTJOIN(",",TRUE,AE92:AG92),"]")) -> [[10300,0.12]] | K92: =_xlfn.XLOOKUP(C92,Pet!A:A,Pet!E:E) -> SR-近战 | L92: 全局伤害提高 | M92: 0.12 | R92: 近战伤害提高 | S92: 0.32 | T92: 近战技能范围效果提高 | U92: 0.12 | AB92: =IFERROR(IF(L92<>"",_xlfn.XLOOKUP(L92,[1]AttributeName!$C:$C,[1]AttributeName!$B:$B,""),""),"") -> 10300 | AC92: =IFERROR(IF(N92<>"",_xlfn.XLOOKUP(N92,[1]AttributeName!$C:$C,[1]AttributeName!$B:$B,""),""),"") | AD92: =IFERROR(IF(P92<>"",_xlfn.XLOOKUP(P92,[1]AttributeName!$C:$C,[1]AttributeName!$B:$B,""),""),"") | AE92: =IF(AB92="","",_xlfn.CONCAT("[",AB92,",",M92,"]")) -> [10300,0.12] | AF92: =IF(AC92="","",_xlfn.CONCAT("[",AC92,",",O92,"]")) | AG92: =IF(AD92="","",_xlfn.CONCAT("[",AD92,",",Q92,"]")) | AH92: =IFERROR(IF(R92<>"",_xlfn.XLOOKUP(R92,[1]ModifierDes!$B:$B,[1]ModifierDes!$A:$A,""),""),"") -> 10063 | AI92: =IFERROR(IF(T92<>"",_xlfn.XLOOKUP(T92,[1]ModifierDes!$B:$B,[1]ModifierDes!$A:$A,""),""),"") -> 10080 | AJ92: =IFERROR(IF(V92<>"",_xlfn.XLOOKUP(V92,[1]ModifierDes!$B:$B,[1]ModifierDes!$A:$A,""),""),"") | AK92: =IFERROR(IF(X92<>"",_xlfn.XLOOKUP(X92,[1]ModifierDes!$B:$B,[1]ModifierDes!$A:$A,""),""),"") | AL92: =IF(S92="","",_xlfn.CONCAT("[",S92,"]")) -> [0.32] | AM92: =IF(U92="","",_xlfn.CONCAT("[",U92,"]")) -> [0.12] | AN92: =IF(W92="","",_xlfn.CONCAT("[",W92,"]")) | AO92: =IF(Y92="","",_xlfn.CONCAT("[",Y92,"]")) | AP92: =IFERROR(IF(Z92<>"",_xlfn.XLOOKUP(Z92,[1]StuntDes!$B:$B,[1]StuntDes!$A:$A,""),""),"") | AQ92: =IFERROR(IF(AA92<>"",_xlfn.XLOOKUP(AA92,[1]StuntDes!$B:$B,[1]StuntDes!$A:$A,""),""),"")
A93: =C93*10+D93 -> 60325 | B93: 蜂行者-星级5 | C93: 6032 | D93: 5 | G93: =_xlfn.TEXTJOIN("|",TRUE,AH93:AJ93) -> 10063|10080 | H93: =IF(R93="","",_xlfn.CONCAT("[",_xlfn.TEXTJOIN(",",TRUE,AL93:AO93),"]")) -> [[0.32],[0.22]] | I93: =_xlfn.TEXTJOIN("|",TRUE,AP93:AQ93) | J93: =IF(AB93="","",_xlfn.CONCAT("[",_xlfn.TEXTJOIN(",",TRUE,AE93:AG93),"]")) -> [[10300,0.12]] | K93: =_xlfn.XLOOKUP(C93,Pet!A:A,Pet!E:E) -> SR-近战 | L93: 全局伤害提高 | M93: 0.12 | R93: 近战伤害提高 | S93: 0.32 | T93: 近战技能范围效果提高 | U93: 0.22 | AB93: =IFERROR(IF(L93<>"",_xlfn.XLOOKUP(L93,[1]AttributeName!$C:$C,[1]AttributeName!$B:$B,""),""),"") -> 10300 | AC93: =IFERROR(IF(N93<>"",_xlfn.XLOOKUP(N93,[1]AttributeName!$C:$C,[1]AttributeName!$B:$B,""),""),"") | AD93: =IFERROR(IF(P93<>"",_xlfn.XLOOKUP(P93,[1]AttributeName!$C:$C,[1]AttributeName!$B:$B,""),""),"") | AE93: =IF(AB93="","",_xlfn.CONCAT("[",AB93,",",M93,"]")) -> [10300,0.12] | AF93: =IF(AC93="","",_xlfn.CONCAT("[",AC93,",",O93,"]")) | AG93: =IF(AD93="","",_xlfn.CONCAT("[",AD93,",",Q93,"]")) | AH93: =IFERROR(IF(R93<>"",_xlfn.XLOOKUP(R93,[1]ModifierDes!$B:$B,[1]ModifierDes!$A:$A,""),""),"") -> 10063 | AI93: =IFERROR(IF(T93<>"",_xlfn.XLOOKUP(T93,[1]ModifierDes!$B:$B,[1]ModifierDes!$A:$A,""),""),"") -> 10080 | AJ93: =IFERROR(IF(V93<>"",_xlfn.XLOOKUP(V93,[1]ModifierDes!$B:$B,[1]ModifierDes!$A:$A,""),""),"") | AK93: =IFERROR(IF(X93<>"",_xlfn.XLOOKUP(X93,[1]ModifierDes!$B:$B,[1]ModifierDes!$A:$A,""),""),"") | AL93: =IF(S93="","",_xlfn.CONCAT("[",S93,"]")) -> [0.32] | AM93: =IF(U93="","",_xlfn.CONCAT("[",U93,"]")) -> [0.22] | AN93: =IF(W93="","",_xlfn.CONCAT("[",W93,"]")) | AO93: =IF(Y93="","",_xlfn.CONCAT("[",Y93,"]")) | AP93: =IFERROR(IF(Z93<>"",_xlfn.XLOOKUP(Z93,[1]StuntDes!$B:$B,[1]StuntDes!$A:$A,""),""),"") | AQ93: =IFERROR(IF(AA93<>"",_xlfn.XLOOKUP(AA93,[1]StuntDes!$B:$B,[1]StuntDes!$A:$A,""),""),"")
A94: =C94*10+D94 -> 61120 | B94: 蔷薇法师-星级0 | C94: 6112 | D94: 0 | E94: ="[["&C94+10000&",1]]" -> [[16112,1]] | G94: =_xlfn.TEXTJOIN("|",TRUE,AH94:AJ94) -> 10067|10050 | H94: =IF(R94="","",_xlfn.CONCAT("[",_xlfn.TEXTJOIN(",",TRUE,AL94:AO94),"]")) -> [[0.09],[0.02]] | I94: =_xlfn.TEXTJOIN("|",TRUE,AP94:AQ94) | J94: =IF(AB94="","",_xlfn.CONCAT("[",_xlfn.TEXTJOIN(",",TRUE,AE94:AG94),"]")) | K94: =_xlfn.XLOOKUP(C94,Pet!A:A,Pet!E:E) -> SR-法术 | R94: 法术伤害提高 | S94: 0.09 | T94: 施法速度提高 | U94: 0.02 | AB94: =IFERROR(IF(L94<>"",_xlfn.XLOOKUP(L94,[1]AttributeName!$C:$C,[1]AttributeName!$B:$B,""),""),"") | AC94: =IFERROR(IF(N94<>"",_xlfn.XLOOKUP(N94,[1]AttributeName!$C:$C,[1]AttributeName!$B:$B,""),""),"") | AD94: =IFERROR(IF(P94<>"",_xlfn.XLOOKUP(P94,[1]AttributeName!$C:$C,[1]AttributeName!$B:$B,""),""),"") | AE94: =IF(AB94="","",_xlfn.CONCAT("[",AB94,",",M94,"]")) | AF94: =IF(AC94="","",_xlfn.CONCAT("[",AC94,",",O94,"]")) | AG94: =IF(AD94="","",_xlfn.CONCAT("[",AD94,",",Q94,"]")) | AH94: =IFERROR(IF(R94<>"",_xlfn.XLOOKUP(R94,[1]ModifierDes!$B:$B,[1]ModifierDes!$A:$A,""),""),"") -> 10067 | AI94: =IFERROR(IF(T94<>"",_xlfn.XLOOKUP(T94,[1]ModifierDes!$B:$B,[1]ModifierDes!$A:$A,""),""),"") -> 10050 | AJ94: =IFERROR(IF(V94<>"",_xlfn.XLOOKUP(V94,[1]ModifierDes!$B:$B,[1]ModifierDes!$A:$A,""),""),"") | AK94: =IFERROR(IF(X94<>"",_xlfn.XLOOKUP(X94,[1]ModifierDes!$B:$B,[1]ModifierDes!$A:$A,""),""),"") | AL94: =IF(S94="","",_xlfn.CONCAT("[",S94,"]")) -> [0.09] | AM94: =IF(U94="","",_xlfn.CONCAT("[",U94,"]")) -> [0.02] | AN94: =IF(W94="","",_xlfn.CONCAT("[",W94,"]")) | AO94: =IF(Y94="","",_xlfn.CONCAT("[",Y94,"]")) | AP94: =IFERROR(IF(Z94<>"",_xlfn.XLOOKUP(Z94,[1]StuntDes!$B:$B,[1]StuntDes!$A:$A,""),""),"") | AQ94: =IFERROR(IF(AA94<>"",_xlfn.XLOOKUP(AA94,[1]StuntDes!$B:$B,[1]StuntDes!$A:$A,""),""),"")
A95: =C95*10+D95 -> 61121 | B95: 蔷薇法师-星级1 | C95: 6112 | D95: 1 | E95: ="[["&C95+10000&",1]]" -> [[16112,1]] | G95: =_xlfn.TEXTJOIN("|",TRUE,AH95:AJ95) -> 10067|10050 | H95: =IF(R95="","",_xlfn.CONCAT("[",_xlfn.TEXTJOIN(",",TRUE,AL95:AO95),"]")) -> [[0.17],[0.02]] | I95: =_xlfn.TEXTJOIN("|",TRUE,AP95:AQ95) | J95: =IF(AB95="","",_xlfn.CONCAT("[",_xlfn.TEXTJOIN(",",TRUE,AE95:AG95),"]")) | K95: =_xlfn.XLOOKUP(C95,Pet!A:A,Pet!E:E) -> SR-法术 | R95: 法术伤害提高 | S95: 0.17 | T95: 施法速度提高 | U95: 0.02 | AB95: =IFERROR(IF(L95<>"",_xlfn.XLOOKUP(L95,[1]AttributeName!$C:$C,[1]AttributeName!$B:$B,""),""),"") | AC95: =IFERROR(IF(N95<>"",_xlfn.XLOOKUP(N95,[1]AttributeName!$C:$C,[1]AttributeName!$B:$B,""),""),"") | AD95: =IFERROR(IF(P95<>"",_xlfn.XLOOKUP(P95,[1]AttributeName!$C:$C,[1]AttributeName!$B:$B,""),""),"") | AE95: =IF(AB95="","",_xlfn.CONCAT("[",AB95,",",M95,"]")) | AF95: =IF(AC95="","",_xlfn.CONCAT("[",AC95,",",O95,"]")) | AG95: =IF(AD95="","",_xlfn.CONCAT("[",AD95,",",Q95,"]")) | AH95: =IFERROR(IF(R95<>"",_xlfn.XLOOKUP(R95,[1]ModifierDes!$B:$B,[1]ModifierDes!$A:$A,""),""),"") -> 10067 | AI95: =IFERROR(IF(T95<>"",_xlfn.XLOOKUP(T95,[1]ModifierDes!$B:$B,[1]ModifierDes!$A:$A,""),""),"") -> 10050 | AJ95: =IFERROR(IF(V95<>"",_xlfn.XLOOKUP(V95,[1]ModifierDes!$B:$B,[1]ModifierDes!$A:$A,""),""),"") | AK95: =IFERROR(IF(X95<>"",_xlfn.XLOOKUP(X95,[1]ModifierDes!$B:$B,[1]ModifierDes!$A:$A,""),""),"") | AL95: =IF(S95="","",_xlfn.CONCAT("[",S95,"]")) -> [0.17] | AM95: =IF(U95="","",_xlfn.CONCAT("[",U95,"]")) -> [0.02] | AN95: =IF(W95="","",_xlfn.CONCAT("[",W95,"]")) | AO95: =IF(Y95="","",_xlfn.CONCAT("[",Y95,"]")) | AP95: =IFERROR(IF(Z95<>"",_xlfn.XLOOKUP(Z95,[1]StuntDes!$B:$B,[1]StuntDes!$A:$A,""),""),"") | AQ95: =IFERROR(IF(AA95<>"",_xlfn.XLOOKUP(AA95,[1]StuntDes!$B:$B,[1]StuntDes!$A:$A,""),""),"")
A96: =C96*10+D96 -> 61122 | B96: 蔷薇法师-星级2 | C96: 6112 | D96: 2 | E96: ="[["&C96+10000&",1]]" -> [[16112,1]] | G96: =_xlfn.TEXTJOIN("|",TRUE,AH96:AJ96) -> 10067|10050 | H96: =IF(R96="","",_xlfn.CONCAT("[",_xlfn.TEXTJOIN(",",TRUE,AL96:AO96),"]")) -> [[0.17],[0.06]] | I96: =_xlfn.TEXTJOIN("|",TRUE,AP96:AQ96) | J96: =IF(AB96="","",_xlfn.CONCAT("[",_xlfn.TEXTJOIN(",",TRUE,AE96:AG96),"]")) | K96: =_xlfn.XLOOKUP(C96,Pet!A:A,Pet!E:E) -> SR-法术 | R96: 法术伤害提高 | S96: 0.17 | T96: 施法速度提高 | U96: 0.06 | AB96: =IFERROR(IF(L96<>"",_xlfn.XLOOKUP(L96,[1]AttributeName!$C:$C,[1]AttributeName!$B:$B,""),""),"") | AC96: =IFERROR(IF(N96<>"",_xlfn.XLOOKUP(N96,[1]AttributeName!$C:$C,[1]AttributeName!$B:$B,""),""),"") | AD96: =IFERROR(IF(P96<>"",_xlfn.XLOOKUP(P96,[1]AttributeName!$C:$C,[1]AttributeName!$B:$B,""),""),"") | AE96: =IF(AB96="","",_xlfn.CONCAT("[",AB96,",",M96,"]")) | AF96: =IF(AC96="","",_xlfn.CONCAT("[",AC96,",",O96,"]")) | AG96: =IF(AD96="","",_xlfn.CONCAT("[",AD96,",",Q96,"]")) | AH96: =IFERROR(IF(R96<>"",_xlfn.XLOOKUP(R96,[1]ModifierDes!$B:$B,[1]ModifierDes!$A:$A,""),""),"") -> 10067 | AI96: =IFERROR(IF(T96<>"",_xlfn.XLOOKUP(T96,[1]ModifierDes!$B:$B,[1]ModifierDes!$A:$A,""),""),"") -> 10050 | AJ96: =IFERROR(IF(V96<>"",_xlfn.XLOOKUP(V96,[1]ModifierDes!$B:$B,[1]ModifierDes!$A:$A,""),""),"") | AK96: =IFERROR(IF(X96<>"",_xlfn.XLOOKUP(X96,[1]ModifierDes!$B:$B,[1]ModifierDes!$A:$A,""),""),"") | AL96: =IF(S96="","",_xlfn.CONCAT("[",S96,"]")) -> [0.17] | AM96: =IF(U96="","",_xlfn.CONCAT("[",U96,"]")) -> [0.06] | AN96: =IF(W96="","",_xlfn.CONCAT("[",W96,"]")) | AO96: =IF(Y96="","",_xlfn.CONCAT("[",Y96,"]")) | AP96: =IFERROR(IF(Z96<>"",_xlfn.XLOOKUP(Z96,[1]StuntDes!$B:$B,[1]StuntDes!$A:$A,""),""),"") | AQ96: =IFERROR(IF(AA96<>"",_xlfn.XLOOKUP(AA96,[1]StuntDes!$B:$B,[1]StuntDes!$A:$A,""),""),"")
A97: =C97*10+D97 -> 61123 | B97: 蔷薇法师-星级3 | C97: 6112 | D97: 3 | E97: ="[["&C97+10000&",1]]" -> [[16112,1]] | G97: =_xlfn.TEXTJOIN("|",TRUE,AH97:AJ97) -> 10067|10050 | H97: =IF(R97="","",_xlfn.CONCAT("[",_xlfn.TEXTJOIN(",",TRUE,AL97:AO97),"]")) -> [[0.17],[0.06]] | I97: =_xlfn.TEXTJOIN("|",TRUE,AP97:AQ97) | J97: =IF(AB97="","",_xlfn.CONCAT("[",_xlfn.TEXTJOIN(",",TRUE,AE97:AG97),"]")) -> [[10300,0.12]] | K97: =_xlfn.XLOOKUP(C97,Pet!A:A,Pet!E:E) -> SR-法术 | L97: 全局伤害提高 | M97: 0.12 | R97: 法术伤害提高 | S97: 0.17 | T97: 施法速度提高 | U97: 0.06 | AB97: =IFERROR(IF(L97<>"",_xlfn.XLOOKUP(L97,[1]AttributeName!$C:$C,[1]AttributeName!$B:$B,""),""),"") -> 10300 | AC97: =IFERROR(IF(N97<>"",_xlfn.XLOOKUP(N97,[1]AttributeName!$C:$C,[1]AttributeName!$B:$B,""),""),"") | AD97: =IFERROR(IF(P97<>"",_xlfn.XLOOKUP(P97,[1]AttributeName!$C:$C,[1]AttributeName!$B:$B,""),""),"") | AE97: =IF(AB97="","",_xlfn.CONCAT("[",AB97,",",M97,"]")) -> [10300,0.12] | AF97: =IF(AC97="","",_xlfn.CONCAT("[",AC97,",",O97,"]")) | AG97: =IF(AD97="","",_xlfn.CONCAT("[",AD97,",",Q97,"]")) | AH97: =IFERROR(IF(R97<>"",_xlfn.XLOOKUP(R97,[1]ModifierDes!$B:$B,[1]ModifierDes!$A:$A,""),""),"") -> 10067 | AI97: =IFERROR(IF(T97<>"",_xlfn.XLOOKUP(T97,[1]ModifierDes!$B:$B,[1]ModifierDes!$A:$A,""),""),"") -> 10050 | AJ97: =IFERROR(IF(V97<>"",_xlfn.XLOOKUP(V97,[1]ModifierDes!$B:$B,[1]ModifierDes!$A:$A,""),""),"") | AK97: =IFERROR(IF(X97<>"",_xlfn.XLOOKUP(X97,[1]ModifierDes!$B:$B,[1]ModifierDes!$A:$A,""),""),"") | AL97: =IF(S97="","",_xlfn.CONCAT("[",S97,"]")) -> [0.17] | AM97: =IF(U97="","",_xlfn.CONCAT("[",U97,"]")) -> [0.06] | AN97: =IF(W97="","",_xlfn.CONCAT("[",W97,"]")) | AO97: =IF(Y97="","",_xlfn.CONCAT("[",Y97,"]")) | AP97: =IFERROR(IF(Z97<>"",_xlfn.XLOOKUP(Z97,[1]StuntDes!$B:$B,[1]StuntDes!$A:$A,""),""),"") | AQ97: =IFERROR(IF(AA97<>"",_xlfn.XLOOKUP(AA97,[1]StuntDes!$B:$B,[1]StuntDes!$A:$A,""),""),"")
A98: =C98*10+D98 -> 61124 | B98: 蔷薇法师-星级4 | C98: 6112 | D98: 4 | E98: ="[["&C98+10000&",1]]" -> [[16112,1]] | G98: =_xlfn.TEXTJOIN("|",TRUE,AH98:AJ98) -> 10067|10050 | H98: =IF(R98="","",_xlfn.CONCAT("[",_xlfn.TEXTJOIN(",",TRUE,AL98:AO98),"]")) -> [[0.32],[0.06]] | I98: =_xlfn.TEXTJOIN("|",TRUE,AP98:AQ98) | J98: =IF(AB98="","",_xlfn.CONCAT("[",_xlfn.TEXTJOIN(",",TRUE,AE98:AG98),"]")) -> [[10300,0.12]] | K98: =_xlfn.XLOOKUP(C98,Pet!A:A,Pet!E:E) -> SR-法术 | L98: 全局伤害提高 | M98: 0.12 | R98: 法术伤害提高 | S98: 0.32 | T98: 施法速度提高 | U98: 0.06 | AB98: =IFERROR(IF(L98<>"",_xlfn.XLOOKUP(L98,[1]AttributeName!$C:$C,[1]AttributeName!$B:$B,""),""),"") -> 10300 | AC98: =IFERROR(IF(N98<>"",_xlfn.XLOOKUP(N98,[1]AttributeName!$C:$C,[1]AttributeName!$B:$B,""),""),"") | AD98: =IFERROR(IF(P98<>"",_xlfn.XLOOKUP(P98,[1]AttributeName!$C:$C,[1]AttributeName!$B:$B,""),""),"") | AE98: =IF(AB98="","",_xlfn.CONCAT("[",AB98,",",M98,"]")) -> [10300,0.12] | AF98: =IF(AC98="","",_xlfn.CONCAT("[",AC98,",",O98,"]")) | AG98: =IF(AD98="","",_xlfn.CONCAT("[",AD98,",",Q98,"]")) | AH98: =IFERROR(IF(R98<>"",_xlfn.XLOOKUP(R98,[1]ModifierDes!$B:$B,[1]ModifierDes!$A:$A,""),""),"") -> 10067 | AI98: =IFERROR(IF(T98<>"",_xlfn.XLOOKUP(T98,[1]ModifierDes!$B:$B,[1]ModifierDes!$A:$A,""),""),"") -> 10050 | AJ98: =IFERROR(IF(V98<>"",_xlfn.XLOOKUP(V98,[1]ModifierDes!$B:$B,[1]ModifierDes!$A:$A,""),""),"") | AK98: =IFERROR(IF(X98<>"",_xlfn.XLOOKUP(X98,[1]ModifierDes!$B:$B,[1]ModifierDes!$A:$A,""),""),"") | AL98: =IF(S98="","",_xlfn.CONCAT("[",S98,"]")) -> [0.32] | AM98: =IF(U98="","",_xlfn.CONCAT("[",U98,"]")) -> [0.06] | AN98: =IF(W98="","",_xlfn.CONCAT("[",W98,"]")) | AO98: =IF(Y98="","",_xlfn.CONCAT("[",Y98,"]")) | AP98: =IFERROR(IF(Z98<>"",_xlfn.XLOOKUP(Z98,[1]StuntDes!$B:$B,[1]StuntDes!$A:$A,""),""),"") | AQ98: =IFERROR(IF(AA98<>"",_xlfn.XLOOKUP(AA98,[1]StuntDes!$B:$B,[1]StuntDes!$A:$A,""),""),"")
A99: =C99*10+D99 -> 61125 | B99: 蔷薇法师-星级5 | C99: 6112 | D99: 5 | G99: =_xlfn.TEXTJOIN("|",TRUE,AH99:AJ99) -> 10067|10050 | H99: =IF(R99="","",_xlfn.CONCAT("[",_xlfn.TEXTJOIN(",",TRUE,AL99:AO99),"]")) -> [[0.32],[0.11]] | I99: =_xlfn.TEXTJOIN("|",TRUE,AP99:AQ99) | J99: =IF(AB99="","",_xlfn.CONCAT("[",_xlfn.TEXTJOIN(",",TRUE,AE99:AG99),"]")) -> [[10300,0.12]] | K99: =_xlfn.XLOOKUP(C99,Pet!A:A,Pet!E:E) -> SR-法术 | L99: 全局伤害提高 | M99: 0.12 | R99: 法术伤害提高 | S99: 0.32 | T99: 施法速度提高 | U99: 0.11 | AB99: =IFERROR(IF(L99<>"",_xlfn.XLOOKUP(L99,[1]AttributeName!$C:$C,[1]AttributeName!$B:$B,""),""),"") -> 10300 | AC99: =IFERROR(IF(N99<>"",_xlfn.XLOOKUP(N99,[1]AttributeName!$C:$C,[1]AttributeName!$B:$B,""),""),"") | AD99: =IFERROR(IF(P99<>"",_xlfn.XLOOKUP(P99,[1]AttributeName!$C:$C,[1]AttributeName!$B:$B,""),""),"") | AE99: =IF(AB99="","",_xlfn.CONCAT("[",AB99,",",M99,"]")) -> [10300,0.12] | AF99: =IF(AC99="","",_xlfn.CONCAT("[",AC99,",",O99,"]")) | AG99: =IF(AD99="","",_xlfn.CONCAT("[",AD99,",",Q99,"]")) | AH99: =IFERROR(IF(R99<>"",_xlfn.XLOOKUP(R99,[1]ModifierDes!$B:$B,[1]ModifierDes!$A:$A,""),""),"") -> 10067 | AI99: =IFERROR(IF(T99<>"",_xlfn.XLOOKUP(T99,[1]ModifierDes!$B:$B,[1]ModifierDes!$A:$A,""),""),"") -> 10050 | AJ99: =IFERROR(IF(V99<>"",_xlfn.XLOOKUP(V99,[1]ModifierDes!$B:$B,[1]ModifierDes!$A:$A,""),""),"") | AK99: =IFERROR(IF(X99<>"",_xlfn.XLOOKUP(X99,[1]ModifierDes!$B:$B,[1]ModifierDes!$A:$A,""),""),"") | AL99: =IF(S99="","",_xlfn.CONCAT("[",S99,"]")) -> [0.32] | AM99: =IF(U99="","",_xlfn.CONCAT("[",U99,"]")) -> [0.11] | AN99: =IF(W99="","",_xlfn.CONCAT("[",W99,"]")) | AO99: =IF(Y99="","",_xlfn.CONCAT("[",Y99,"]")) | AP99: =IFERROR(IF(Z99<>"",_xlfn.XLOOKUP(Z99,[1]StuntDes!$B:$B,[1]StuntDes!$A:$A,""),""),"") | AQ99: =IFERROR(IF(AA99<>"",_xlfn.XLOOKUP(AA99,[1]StuntDes!$B:$B,[1]StuntDes!$A:$A,""),""),"")
A100: =C100*10+D100 -> 70320 | B100: 熔炉魔灵-星级0 | C100: 7032 | D100: 0 | E100: ="[["&C100+10000&",1]]" -> [[17032,1]] | G100: =_xlfn.TEXTJOIN("|",TRUE,AH100:AJ100) -> 10125 | H100: =IF(R100="","",_xlfn.CONCAT("[",_xlfn.TEXTJOIN(",",TRUE,AL100:AO100),"]")) -> [[0.1]] | I100: =_xlfn.TEXTJOIN("|",TRUE,AP100:AQ100) | J100: =IF(AB100="","",_xlfn.CONCAT("[",_xlfn.TEXTJOIN(",",TRUE,AE100:AG100),"]")) -> [[10304,0.05]] | K100: =_xlfn.XLOOKUP(C100,Pet!A:A,Pet!E:E) -> SSR-火焰 | L100: 火焰伤害提高 | M100: 0.05 | R100: 火焰伤害额外提高 | S100: 0.1 | AB100: =IFERROR(IF(L100<>"",_xlfn.XLOOKUP(L100,[1]AttributeName!$C:$C,[1]AttributeName!$B:$B,""),""),"") -> 10304 | AC100: =IFERROR(IF(N100<>"",_xlfn.XLOOKUP(N100,[1]AttributeName!$C:$C,[1]AttributeName!$B:$B,""),""),"") | AD100: =IFERROR(IF(P100<>"",_xlfn.XLOOKUP(P100,[1]AttributeName!$C:$C,[1]AttributeName!$B:$B,""),""),"") | AE100: =IF(AB100="","",_xlfn.CONCAT("[",AB100,",",M100,"]")) -> [10304,0.05] | AF100: =IF(AC100="","",_xlfn.CONCAT("[",AC100,",",O100,"]")) | AG100: =IF(AD100="","",_xlfn.CONCAT("[",AD100,",",Q100,"]")) | AH100: =IFERROR(IF(R100<>"",_xlfn.XLOOKUP(R100,[1]ModifierDes!$B:$B,[1]ModifierDes!$A:$A,""),""),"") -> 10125 | AI100: =IFERROR(IF(T100<>"",_xlfn.XLOOKUP(T100,[1]ModifierDes!$B:$B,[1]ModifierDes!$A:$A,""),""),"") | AJ100: =IFERROR(IF(V100<>"",_xlfn.XLOOKUP(V100,[1]ModifierDes!$B:$B,[1]ModifierDes!$A:$A,""),""),"") | AK100: =IFERROR(IF(X100<>"",_xlfn.XLOOKUP(X100,[1]ModifierDes!$B:$B,[1]ModifierDes!$A:$A,""),""),"") | AL100: =IF(S100="","",_xlfn.CONCAT("[",S100,"]")) -> [0.1] | AM100: =IF(U100="","",_xlfn.CONCAT("[",U100,"]")) | AN100: =IF(W100="","",_xlfn.CONCAT("[",W100,"]")) | AO100: =IF(Y100="","",_xlfn.CONCAT("[",Y100,"]")) | AP100: =IFERROR(IF(Z100<>"",_xlfn.XLOOKUP(Z100,[1]StuntDes!$B:$B,[1]StuntDes!$A:$A,""),""),"") | AQ100: =IFERROR(IF(AA100<>"",_xlfn.XLOOKUP(AA100,[1]StuntDes!$B:$B,[1]StuntDes!$A:$A,""),""),"")
...

Sheet PetQuality
A1: 宠物品质 | B1: 满星升星道具
A2: quality.p | B2: commonItem
A3: number | B3: number
A4: 4 | B4: 2058
A5: 5 | B5: 2059
A6: 8 | B6: 2060

Sheet PetSet
A1: id | B1: (nouse)通用配置放这里 | C1: 上阵数量
A2: id.p | B2: desc999 | C2: fieldNum
A3: number | B3: string | C3: number
A4: 1 | C4: 3
